state,account_length,area_code,international_plan,voice_mail_plan,number_vmail_messages,total_day_minutes,total_day_calls,total_day_charge,total_eve_minutes,total_eve_calls,total_eve_charge,total_night_minutes,total_night_calls,total_night_charge,total_intl_minutes,total_intl_calls,total_intl_charge,number_customer_service_calls,churn,customer_id
ID,99,area_code_415,no,no,0,201.5,103,34.26,124.2,120,10.56,239.9,56,10.8,11.5,3,3.11,0,no,3250
NJ,120,area_code_415,no,no,0,146.0,58,24.82,208.7,103,17.74,215.5,91,9.7,11.9,2,3.21,0,no,3251
NM,1,area_code_510,no,yes,26,69.7,84,11.85,250.4,79,21.28,230.2,122,10.36,8.3,3,2.24,2,no,3252
UT,94,area_code_415,no,no,0,183.1,109,31.13,199.4,109,16.95,214.1,71,9.63,13.9,4,3.75,0,no,3253
MO,178,area_code_408,no,yes,32,148.7,95,25.28,198.6,55,16.88,187.0,113,8.41,10.4,7,2.81,6,yes,3254
WV,136,area_code_510,no,no,0,240.1,121,40.82,271.2,123,23.05,132.7,98,5.97,17.2,4,4.64,0,yes,3255
ND,86,area_code_415,no,yes,25,126.4,97,21.49,189.7,118,16.12,233.6,97,10.51,12.0,2,3.24,1,no,3256
KS,18,area_code_510,no,no,0,180.2,115,30.63,83.4,114,7.09,245.3,111,11.04,11.9,6,3.21,1,no,3257
CO,49,area_code_415,no,no,0,172.0,142,29.24,224.0,100,19.04,177.3,86,7.98,7.4,1,2.0,0,no,3258
OH,20,area_code_415,no,yes,27,231.6,105,39.37,223.3,120,18.98,212.0,99,9.54,8.9,4,2.4,1,no,3259
IN,131,area_code_415,no,yes,29,42.1,114,7.16,183.3,70,15.58,158.7,82,7.14,10.0,1,2.7,0,no,3260
OK,99,area_code_408,no,no,0,155.6,90,26.45,240.1,117,20.41,230.8,88,10.39,10.8,4,2.92,3,no,3261
ID,61,area_code_415,no,no,0,234.6,126,39.88,200.7,76,17.06,171.1,81,7.7,8.1,2,2.19,0,no,3262
DE,137,area_code_415,no,no,0,115.5,101,19.64,226.2,81,19.23,179.1,123,8.06,13.6,4,3.67,0,no,3263
WA,49,area_code_510,no,yes,42,159.0,67,27.03,126.3,125,10.74,206.8,88,9.31,7.4,3,2.0,2,no,3264
MA,83,area_code_408,no,no,0,286.6,114,48.72,101.0,138,8.59,199.6,146,8.98,13.2,4,3.56,1,no,3265
FL,105,area_code_408,no,no,0,181.9,70,30.92,233.5,83,19.85,194.6,80,8.76,8.1,9,2.19,1,no,3266
AR,90,area_code_408,no,no,0,235.0,77,39.95,267.3,94,22.72,222.1,119,9.99,5.3,4,1.43,3,yes,3267
AL,111,area_code_415,no,no,0,187.8,107,31.93,246.0,70,20.91,175.9,88,7.92,10.5,7,2.84,0,no,3268
CA,135,area_code_408,no,no,0,167.1,105,28.41,131.6,120,11.19,242.6,83,10.92,10.4,2,2.81,3,no,3269
RI,121,area_code_415,no,yes,22,212.3,107,36.09,238.0,94,20.23,332.8,114,14.98,10.4,2,2.81,1,no,3270
ND,57,area_code_415,yes,no,0,227.4,94,38.66,146.4,115,12.44,211.4,92,9.51,8.3,5,2.24,1,no,3271
MT,63,area_code_415,no,no,0,162.5,86,27.63,165.4,112,14.06,163.7,67,7.37,13.4,6,3.62,4,yes,3272
NJ,97,area_code_415,no,no,0,259.6,138,44.13,233.9,91,19.88,140.6,119,6.33,13.0,4,3.51,1,no,3273
OK,134,area_code_408,no,yes,10,159.4,79,27.1,91.0,94,7.74,199.5,137,8.98,10.0,3,2.7,2,no,3274
ME,57,area_code_510,no,yes,37,69.5,94,11.82,220.9,76,18.78,218.5,113,9.83,11.9,3,3.21,0,no,3275
OK,109,area_code_415,yes,no,0,166.5,101,28.31,268.4,119,22.81,126.2,112,5.68,10.2,3,2.75,3,no,3276
IL,66,area_code_415,no,yes,21,134.4,110,22.85,136.2,104,11.58,215.6,105,9.7,9.7,4,2.62,3,no,3277
GA,162,area_code_408,no,yes,21,205.2,128,34.88,231.7,128,19.69,180.3,100,8.11,10.6,3,2.86,2,no,3278
NC,115,area_code_415,no,yes,26,132.3,142,22.49,273.4,89,23.24,195.7,77,8.81,14.8,7,4.0,0,no,3279
HI,132,area_code_415,no,no,0,140.3,144,23.85,294.8,89,25.06,153.5,126,6.91,11.7,4,3.16,2,no,3280
OK,152,area_code_415,no,no,0,284.6,113,48.38,141.8,101,12.05,127.4,78,5.73,12.6,5,3.4,0,no,3281
DC,86,area_code_415,no,yes,29,189.3,107,32.18,221.3,101,18.81,325.6,137,14.65,13.8,3,3.73,1,no,3282
SC,36,area_code_415,no,no,0,184.6,132,31.38,193.7,69,16.46,283.5,83,12.76,5.9,3,1.59,1,no,3283
MN,118,area_code_415,no,no,0,161.6,96,27.47,223.9,113,19.03,240.6,137,10.83,6.8,2,1.84,0,no,3284
HI,137,area_code_510,no,yes,20,268.5,91,45.65,128.8,121,10.95,146.4,98,6.59,12.7,6,3.43,1,no,3285
NJ,67,area_code_415,no,no,0,178.0,77,30.26,233.6,88,19.86,175.6,88,7.9,6.3,4,1.7,2,no,3286
MI,164,area_code_415,no,no,0,215.6,90,36.65,171.6,99,14.59,110.4,105,4.97,11.3,6,3.05,1,no,3287
UT,180,area_code_510,no,no,0,253.9,69,43.16,184.2,138,15.66,174.3,83,7.84,0.4,7,0.11,1,no,3288
IA,80,area_code_408,no,yes,22,182.8,142,31.08,229.3,111,19.49,313.8,85,14.12,11.3,2,3.05,1,no,3289
CO,126,area_code_415,no,no,0,120.0,82,20.4,213.6,111,18.16,312.9,136,14.08,7.5,6,2.03,1,no,3290
MS,138,area_code_408,no,no,0,138.7,124,23.58,280.3,64,23.83,206.7,98,9.3,10.4,4,2.81,1,no,3291
MA,101,area_code_408,no,no,0,189.0,122,32.13,179.2,91,15.23,186.8,170,8.41,11.1,6,3.0,0,no,3292
NY,147,area_code_408,no,no,0,134.6,91,22.88,175.1,83,14.88,201.1,114,9.05,8.9,3,2.4,0,no,3293
VA,58,area_code_408,no,no,0,181.4,106,30.84,145.8,77,12.39,200.3,85,9.01,7.9,3,2.13,0,no,3294
IN,35,area_code_510,no,yes,23,194.6,106,33.08,199.8,132,16.98,189.6,88,8.53,10.1,7,2.73,4,no,3295
NH,163,area_code_415,no,yes,39,268.1,104,45.58,216.6,65,18.41,359.9,118,16.2,11.4,4,3.08,0,no,3296
AK,152,area_code_510,no,no,0,302.8,143,51.48,189.8,69,16.13,214.9,114,9.67,10.9,4,2.94,2,yes,3297
WV,44,area_code_408,no,no,0,213.2,85,36.24,224.0,128,19.04,137.8,74,6.2,12.5,5,3.38,1,no,3298
NM,103,area_code_408,no,no,0,107.9,111,18.34,166.9,129,14.19,208.5,78,9.38,9.7,3,2.62,1,no,3299
RI,126,area_code_510,no,no,0,181.7,102,30.89,216.3,114,18.39,317.9,83,14.31,12.4,6,3.35,1,no,3300
KS,104,area_code_408,no,no,0,191.8,105,32.61,148.7,96,12.64,234.8,123,10.57,19.3,4,5.21,1,no,3301
AR,99,area_code_408,no,yes,21,180.2,97,30.63,167.7,47,14.25,203.1,84,9.14,14.6,5,3.94,2,no,3302
NH,119,area_code_408,no,no,0,215.1,105,36.57,249.4,104,21.2,249.9,83,11.25,10.8,8,2.92,2,no,3303
KY,155,area_code_510,yes,yes,38,234.6,84,39.88,214.9,119,18.27,196.7,69,8.85,8.0,2,2.16,1,yes,3304
KS,51,area_code_415,no,yes,43,158.2,94,26.89,213.2,105,18.12,190.4,91,8.57,8.5,2,2.3,2,no,3305
SC,142,area_code_510,no,no,0,204.2,98,34.71,188.9,85,16.06,231.2,136,10.4,6.5,6,1.76,1,no,3306
ID,108,area_code_415,no,no,0,221.8,105,37.71,108.2,107,9.2,207.1,87,9.32,12.1,3,3.27,2,no,3307
OH,154,area_code_415,no,yes,14,183.0,113,31.11,187.0,144,15.9,181.1,112,8.15,10.2,3,2.75,1,no,3308
AL,171,area_code_510,no,no,0,221.5,103,37.66,109.5,58,9.31,134.6,115,6.06,11.6,4,3.13,1,no,3309
KS,33,area_code_415,no,no,0,228.1,77,38.78,176.3,102,14.99,224.5,119,10.1,7.5,1,2.03,0,no,3310
CT,68,area_code_510,yes,no,0,197.7,99,33.61,188.8,106,16.05,254.6,80,11.46,19.2,4,5.18,3,yes,3311
WY,65,area_code_415,no,yes,21,135.1,120,22.97,238.4,90,20.26,286.4,93,12.89,11.0,9,2.97,4,no,3312
NV,95,area_code_415,no,yes,35,238.3,86,40.51,258.1,132,21.94,194.9,72,8.77,13.1,4,3.54,5,no,3313
ID,47,area_code_415,no,yes,28,196.2,88,33.35,194.8,106,16.56,243.0,103,10.93,10.5,10,2.84,0,no,3314
IN,49,area_code_415,no,yes,20,205.9,109,35.0,298.4,105,25.36,142.1,91,6.39,12.3,3,3.32,4,no,3315
AK,104,area_code_415,no,no,0,174.1,97,29.6,174.6,104,14.84,182.7,158,8.22,9.3,4,2.51,3,no,3316
AR,173,area_code_408,no,no,0,154.6,81,26.28,147.3,100,12.52,132.9,99,5.98,6.9,5,1.86,0,no,3317
WI,98,area_code_415,yes,yes,20,186.2,112,31.65,145.3,65,12.35,142.8,104,6.43,10.9,4,2.94,3,no,3318
IN,81,area_code_415,no,no,0,176.1,113,29.94,162.0,80,13.77,160.9,83,7.24,11.9,4,3.21,1,no,3319
AZ,63,area_code_415,no,yes,19,163.0,75,27.71,238.4,103,20.26,171.8,100,7.73,11.3,3,3.05,3,no,3320
IN,32,area_code_415,no,no,0,103.6,78,17.61,238.5,115,20.27,186.9,70,8.41,11.0,4,2.97,2,no,3321
NC,111,area_code_415,no,no,0,162.1,98,27.56,217.6,87,18.5,264.1,107,11.88,7.7,1,2.08,0,no,3322
MD,96,area_code_415,no,no,0,149.2,125,25.36,210.6,119,17.9,290.5,102,13.07,9.4,3,2.54,4,no,3323
NM,79,area_code_415,no,no,0,187.3,108,31.84,177.1,72,15.05,269.2,135,12.11,9.5,3,2.57,3,no,3324
OH,123,area_code_510,no,no,0,222.4,90,37.81,286.3,104,24.34,300.8,95,13.54,9.9,3,2.67,2,yes,3325
IN,88,area_code_415,no,no,0,82.7,94,14.06,157.5,130,13.39,205.9,81,9.27,10.6,4,2.86,0,yes,3326
VA,182,area_code_408,no,yes,24,215.2,73,36.58,133.1,85,11.31,205.1,79,9.23,10.9,7,2.94,0,no,3327
AL,109,area_code_415,no,no,0,168.0,103,28.56,190.8,100,16.22,196.9,65,8.86,7.1,4,1.92,0,no,3328
IA,79,area_code_415,no,yes,12,62.4,119,10.61,237.6,96,20.2,193.4,116,8.7,7.8,2,2.11,0,no,3329
VA,68,area_code_415,no,yes,41,226.0,113,38.42,149.8,115,12.73,184.9,88,8.32,11.5,2,3.11,2,no,3330
NV,70,area_code_415,no,no,0,205.7,80,34.97,221.4,103,18.82,206.2,117,9.28,14.2,5,3.83,2,no,3331
WY,44,area_code_415,no,yes,20,184.8,105,31.42,195.0,169,16.58,130.1,121,5.85,11.6,3,3.13,1,no,3332
MA,113,area_code_510,no,no,0,193.1,93,32.83,206.4,85,17.54,215.9,102,9.72,11.1,2,3.0,1,no,3333
UT,86,area_code_510,yes,yes,41,225.5,95,38.34,229.3,101,19.49,134.0,82,6.03,11.6,10,3.13,2,no,3334
NH,59,area_code_415,no,no,0,163.5,107,27.8,187.1,91,15.9,179.1,100,8.06,10.3,1,2.78,2,no,3335
NJ,112,area_code_510,no,yes,22,244.7,104,41.6,203.1,88,17.26,222.0,84,9.99,7.4,6,2.0,0,no,3336
MA,152,area_code_408,no,no,0,216.7,70,36.84,152.7,102,12.98,181.2,99,8.15,11.6,6,3.13,1,no,3337
GA,108,area_code_415,no,yes,15,196.8,79,33.46,173.5,99,14.75,274.7,108,12.36,14.6,5,3.94,1,no,3338
AK,91,area_code_510,no,no,0,197.3,120,33.54,202.4,89,17.2,290.5,128,13.07,15.3,7,4.13,1,no,3339
AR,57,area_code_415,no,yes,23,208.7,57,35.48,233.4,132,19.84,108.8,117,4.9,9.1,5,2.46,1,no,3340
WV,112,area_code_408,no,no,0,168.4,53,28.63,187.5,68,15.94,204.5,125,9.2,9.8,3,2.65,1,no,3341
OR,100,area_code_415,no,no,0,129.4,69,22.0,251.3,73,21.36,157.1,92,7.07,10.4,3,2.81,1,no,3342
ID,42,area_code_510,yes,no,0,260.9,94,44.35,152.8,123,12.99,212.6,94,9.57,11.1,4,3.0,1,no,3343
NY,68,area_code_415,no,no,0,267.9,80,45.54,145.4,143,12.36,273.3,119,12.3,14.9,1,4.02,3,yes,3344
KY,132,area_code_415,no,no,0,172.7,90,29.36,344.0,62,29.24,301.6,113,13.57,5.5,4,1.49,0,no,3345
RI,137,area_code_408,yes,no,0,159.1,80,27.05,239.8,81,20.38,249.0,96,11.21,8.5,5,2.3,0,no,3346
ID,42,area_code_510,no,no,0,166.8,138,28.36,212.4,78,18.05,194.7,70,8.76,12.4,9,3.35,2,no,3347
NH,81,area_code_415,no,yes,17,145.7,89,24.77,202.9,70,17.25,212.4,92,9.56,9.5,5,2.57,1,no,3348
CO,135,area_code_408,no,no,0,129.4,104,22.0,199.0,96,16.92,142.4,81,6.41,12.3,4,3.32,1,no,3349
IA,102,area_code_510,no,no,0,171.5,77,29.16,261.0,107,22.19,328.8,72,14.8,10.2,1,2.75,0,no,3350
MT,117,area_code_510,no,no,0,180.6,134,30.7,216.6,96,18.41,101.0,122,4.55,10.6,6,2.86,4,yes,3351
WY,37,area_code_510,no,yes,33,225.7,133,38.37,223.9,115,19.03,192.7,131,8.67,11.2,5,3.02,3,no,3352
WI,48,area_code_510,no,no,0,176.9,110,30.07,274.3,114,23.32,115.3,125,5.19,11.0,2,2.97,1,no,3353
DE,155,area_code_415,no,no,0,250.5,89,42.59,146.1,84,12.42,164.2,60,7.39,8.4,3,2.27,1,no,3354
WA,124,area_code_408,no,no,0,282.8,108,48.08,246.3,89,20.94,256.4,96,11.54,10.3,1,2.78,3,yes,3355
UT,91,area_code_510,no,no,0,142.6,90,24.24,286.8,102,24.38,222.2,113,10.0,14.8,3,4.0,0,no,3356
KY,169,area_code_510,no,no,0,276.1,120,46.94,123.5,88,10.5,261.9,116,11.79,11.9,5,3.21,1,no,3357
NH,74,area_code_510,no,no,0,154.3,71,26.23,262.3,105,22.3,235.3,99,10.59,13.9,4,3.75,0,no,3358
RI,101,area_code_408,yes,yes,35,181.0,88,30.77,222.5,113,18.91,217.8,103,9.8,11.1,3,3.0,1,no,3359
CA,142,area_code_415,no,no,0,108.1,81,18.38,146.9,115,12.49,197.6,84,8.89,9.0,7,2.43,1,no,3360
PA,61,area_code_415,no,yes,31,252.1,98,42.86,215.7,149,18.33,135.7,117,6.11,5.1,4,1.38,2,no,3361
MA,50,area_code_510,no,no,0,160.1,64,27.22,208.7,123,17.74,199.7,84,8.99,7.6,12,2.05,5,yes,3362
WI,82,area_code_408,no,no,0,217.6,82,36.99,169.4,101,14.4,248.9,124,11.2,12.7,3,3.43,0,no,3363
MT,142,area_code_415,no,yes,22,198.3,144,33.71,157.2,96,13.36,180.9,114,8.14,11.1,4,3.0,2,no,3364
GA,27,area_code_415,no,yes,32,190.3,97,32.35,279.0,77,23.72,133.8,117,6.02,8.4,3,2.27,2,no,3365
AZ,165,area_code_408,no,yes,23,184.7,63,31.4,168.0,62,14.28,176.1,125,7.92,8.7,5,2.35,1,no,3366
ME,33,area_code_510,no,yes,16,125.1,56,21.27,246.6,140,20.96,235.4,109,10.59,12.1,2,3.27,0,no,3367
ME,55,area_code_510,no,no,0,181.3,100,30.82,200.5,122,17.04,226.9,99,10.21,10.9,2,2.94,1,no,3368
UT,96,area_code_510,yes,no,0,99.8,101,16.97,253.6,83,21.56,112.5,75,5.06,7.5,6,2.03,0,no,3369
MD,115,area_code_408,no,no,0,254.8,97,43.32,153.5,110,13.05,217.6,117,9.79,9.0,4,2.43,1,no,3370
DC,65,area_code_408,no,no,0,244.5,72,41.57,206.2,88,17.53,299.8,110,13.49,7.6,1,2.05,5,yes,3371
OH,50,area_code_408,no,no,0,167.7,74,28.51,179.9,98,15.29,166.5,73,7.49,10.9,2,2.94,1,no,3372
MO,137,area_code_510,no,no,0,79.5,121,13.52,164.1,86,13.95,121.8,108,5.48,11.7,7,3.16,2,no,3373
ID,95,area_code_408,no,no,0,133.0,94,22.61,196.6,126,16.71,181.0,128,8.15,9.9,3,2.67,4,yes,3374
WA,118,area_code_408,no,no,0,297.2,113,50.52,188.8,114,16.05,188.9,100,8.5,12.4,6,3.35,1,yes,3375
NY,84,area_code_415,no,no,0,214.9,72,36.53,197.7,92,16.8,153.1,79,6.89,11.9,2,3.21,2,no,3376
NJ,42,area_code_408,no,no,0,269.9,99,45.88,37.8,76,3.21,166.6,139,7.5,13.8,1,3.73,1,no,3377
NM,53,area_code_415,no,no,0,143.8,102,24.45,199.6,124,16.97,177.8,65,8.0,7.8,4,2.11,1,no,3378
ID,123,area_code_415,no,no,0,132.2,122,22.47,169.9,101,14.44,150.1,123,6.75,12.9,11,3.48,3,yes,3379
MO,60,area_code_408,no,no,0,162.8,117,27.68,163.2,121,13.87,242.4,140,10.91,14.2,2,3.83,1,no,3380
NJ,112,area_code_408,no,no,0,351.5,95,59.76,206.8,108,17.58,275.8,146,12.41,11.9,4,3.21,1,yes,3381
NC,43,area_code_415,no,no,0,165.8,96,28.19,132.0,105,11.22,323.2,62,14.54,10.7,6,2.89,0,no,3382
KY,150,area_code_415,no,yes,24,195.7,108,33.27,208.8,110,17.75,177.0,84,7.97,11.7,2,3.16,2,no,3383
CT,92,area_code_408,no,no,0,250.6,100,42.6,41.7,94,3.54,186.2,100,8.38,9.7,6,2.62,2,no,3384
NY,68,area_code_510,no,no,0,141.9,112,24.12,166.2,94,14.13,223.5,77,10.06,9.2,6,2.48,1,no,3385
OH,159,area_code_510,no,no,0,168.5,80,28.65,203.9,119,17.33,199.1,126,8.96,8.1,2,2.19,1,no,3386
IL,158,area_code_415,no,yes,19,127.6,88,21.69,235.2,82,19.99,195.0,87,8.78,10.1,3,2.73,0,no,3387
IL,119,area_code_408,no,no,0,197.2,111,33.52,168.1,78,14.29,209.8,84,9.44,4.2,2,1.13,1,no,3388
WA,54,area_code_415,no,yes,28,217.4,98,36.96,246.2,120,20.93,127.0,92,5.72,7.5,8,2.03,1,no,3389
NJ,60,area_code_415,yes,no,0,97.2,91,16.52,243.7,93,20.71,235.0,116,10.58,10.1,2,2.73,1,yes,3390
WI,111,area_code_415,no,yes,23,87.7,91,14.91,218.3,118,18.56,173.1,87,7.79,12.3,4,3.32,1,no,3391
WV,119,area_code_415,no,yes,32,186.4,75,31.69,206.9,92,17.59,150.6,80,6.78,12.1,2,3.27,1,no,3392
AL,74,area_code_415,no,no,0,180.0,110,30.6,212.9,100,18.1,182.3,95,8.2,11.8,10,3.19,0,no,3393
WY,118,area_code_408,no,no,0,232.4,92,39.51,191.0,68,16.24,213.0,138,9.58,7.7,4,2.08,1,no,3394
ME,124,area_code_415,no,no,0,151.6,119,25.77,198.1,93,16.84,173.4,91,7.8,11.6,3,3.13,3,no,3395
LA,133,area_code_510,no,no,0,172.2,81,29.27,214.9,123,18.27,184.3,90,8.29,11.1,6,3.0,3,no,3396
WI,49,area_code_408,no,no,0,260.9,88,44.35,174.2,103,14.81,262.8,98,11.83,10.6,4,2.86,1,no,3397
NH,112,area_code_415,no,no,0,124.4,109,21.15,196.1,119,16.67,166.1,89,7.47,10.2,4,2.75,2,no,3398
HI,130,area_code_510,no,no,0,126.8,101,21.56,144.1,105,12.25,249.6,117,11.23,11.4,8,3.08,2,no,3399
WV,130,area_code_510,no,no,0,110.0,107,18.7,181.9,85,15.46,208.0,94,9.36,11.7,3,3.16,1,no,3400
UT,188,area_code_408,no,no,0,231.1,92,39.29,182.4,93,15.5,227.2,89,10.22,9.8,5,2.65,4,no,3401
HI,174,area_code_415,no,no,0,187.4,74,31.86,144.6,142,12.29,235.7,102,10.61,10.2,1,2.75,1,no,3402
VT,57,area_code_415,no,no,0,166.4,114,28.29,76.8,119,6.53,260.1,77,11.7,10.9,3,2.94,3,no,3403
MD,105,area_code_408,no,no,0,141.8,85,24.11,191.3,101,16.26,133.6,126,6.01,10.9,3,2.94,1,no,3404
TN,175,area_code_408,yes,yes,35,159.5,95,27.12,140.7,100,11.96,176.3,99,7.93,5.4,4,1.46,5,yes,3405
GA,100,area_code_415,no,no,0,218.9,124,37.21,237.5,99,20.19,189.7,52,8.54,11.0,6,2.97,2,no,3406
MA,132,area_code_415,no,no,0,138.7,101,23.58,257.5,85,21.89,165.6,92,7.45,7.8,1,2.11,2,no,3407
ND,117,area_code_415,yes,no,0,158.1,101,26.88,315.1,96,26.78,176.1,108,7.92,13.9,2,3.75,3,yes,3408
NJ,65,area_code_415,no,no,0,97.9,138,16.64,173.0,102,14.71,262.2,92,11.8,9.2,4,2.48,1,no,3409
NH,131,area_code_510,no,no,0,103.5,105,17.6,174.1,103,14.8,248.2,95,11.17,11.7,2,3.16,5,yes,3410
NJ,114,area_code_408,no,no,0,206.3,113,35.07,223.5,97,19.0,234.3,119,10.54,8.1,6,2.19,2,no,3411
FL,127,area_code_415,no,yes,24,211.5,121,35.96,183.9,115,15.63,186.2,103,8.38,13.5,1,3.65,3,no,3412
WY,67,area_code_510,no,no,0,125.0,96,21.25,294.5,114,25.03,205.7,75,9.26,10.2,4,2.75,1,yes,3413
TX,123,area_code_408,no,yes,41,141.3,127,24.02,152.0,96,12.92,218.8,114,9.85,8.1,3,2.19,3,no,3414
MA,116,area_code_415,no,no,0,119.0,94,20.23,144.3,110,12.27,199.7,65,8.99,8.8,5,2.38,2,no,3415
ID,107,area_code_415,no,no,0,260.6,81,44.3,246.1,116,20.92,243.3,117,10.95,12.8,9,3.46,0,yes,3416
TX,110,area_code_415,no,no,0,149.2,128,25.36,112.8,101,9.59,156.3,111,7.03,12.2,4,3.29,1,no,3417
DE,29,area_code_415,no,no,0,163.7,109,27.83,207.3,88,17.62,266.2,101,11.98,10.4,2,2.81,1,no,3418
NY,76,area_code_415,no,no,0,223.0,109,37.91,218.7,97,18.59,138.6,126,6.24,11.6,8,3.13,2,no,3419
ME,115,area_code_408,no,no,0,200.2,115,34.03,268.8,109,22.85,185.4,102,8.34,12.8,2,3.46,3,no,3420
NM,68,area_code_415,no,no,0,248.6,59,42.26,199.1,126,16.92,112.5,117,5.06,6.5,3,1.76,2,no,3421
IL,63,area_code_415,no,yes,26,214.2,80,36.41,253.0,152,21.51,156.4,109,7.04,10.3,2,2.78,2,no,3422
LA,69,area_code_415,no,no,0,245.6,128,41.75,173.0,101,14.71,111.8,118,5.03,14.2,7,3.83,2,no,3423
TN,97,area_code_408,no,no,0,238.6,85,40.56,203.3,75,17.28,180.5,127,8.12,16.2,8,4.37,0,no,3424
MI,108,area_code_510,yes,no,0,86.1,97,14.64,227.9,101,19.37,225.8,102,10.16,9.1,3,2.46,3,no,3425
MS,79,area_code_415,no,no,0,161.6,94,27.47,187.5,110,15.94,220.8,71,9.94,10.3,7,2.78,2,no,3426
DE,52,area_code_415,no,no,0,257.9,80,43.84,220.7,82,18.76,225.4,70,10.14,16.8,3,4.54,2,yes,3427
KS,114,area_code_415,no,no,0,209.2,127,35.56,165.3,93,14.05,196.8,98,8.86,10.6,8,2.86,3,no,3428
RI,90,area_code_510,no,yes,19,214.0,57,36.38,245.3,105,20.85,205.6,68,9.25,10.3,2,2.78,1,no,3429
WI,122,area_code_415,no,yes,21,196.0,104,33.32,194.7,73,16.55,150.8,92,6.79,9.6,4,2.59,0,no,3430
MT,73,area_code_415,no,yes,33,129.8,112,22.07,225.3,96,19.15,262.5,104,11.81,8.6,3,2.32,1,no,3431
WV,100,area_code_408,no,no,0,239.1,96,40.65,180.1,110,15.31,259.2,112,11.66,14.0,2,3.78,0,no,3432
IL,124,area_code_510,no,no,0,133.2,80,22.64,144.2,98,12.26,261.0,102,11.75,12.0,3,3.24,3,yes,3433
OR,112,area_code_408,no,no,0,135.7,34,23.07,243.0,99,20.66,209.3,115,9.42,12.2,8,3.29,1,no,3434
MN,120,area_code_415,no,yes,31,211.0,117,35.87,238.7,77,20.29,184.5,99,8.3,14.0,8,3.78,1,no,3435
TX,95,area_code_510,no,no,0,135.2,93,22.98,285.9,123,24.3,228.1,112,10.26,10.0,2,2.7,3,no,3436
LA,61,area_code_408,no,no,0,140.8,126,23.94,212.5,115,18.06,141.7,79,6.38,6.4,5,1.73,4,yes,3437
AL,42,area_code_510,no,no,0,160.2,103,27.23,159.8,116,13.58,255.7,87,11.51,12.9,3,3.48,1,no,3438
MD,104,area_code_415,no,no,0,153.7,86,26.13,160.3,78,13.63,176.6,140,7.95,9.6,8,2.59,1,no,3439
ND,184,area_code_415,no,no,0,237.6,86,40.39,157.0,105,13.35,163.6,103,7.36,14.2,2,3.83,2,no,3440
DC,29,area_code_510,no,no,0,182.1,92,30.96,180.4,91,15.33,206.4,128,9.29,7.2,2,1.94,2,no,3441
MD,5,area_code_408,no,no,0,198.7,108,33.78,146.7,86,12.47,216.8,95,9.76,9.5,3,2.57,2,no,3442
MA,58,area_code_408,no,yes,47,151.1,117,25.69,137.4,103,11.68,172.6,99,7.77,9.2,8,2.48,1,no,3443
DC,165,area_code_510,no,no,0,195.2,84,33.18,229.5,116,19.51,185.3,147,8.34,11.9,3,3.21,0,no,3444
NJ,77,area_code_408,yes,yes,34,209.9,79,35.68,226.1,88,19.22,101.8,103,4.58,11.4,2,3.08,2,yes,3445
RI,132,area_code_415,yes,yes,18,130.7,86,22.22,186.1,98,15.82,204.8,103,9.22,11.9,6,3.21,0,no,3446
AL,115,area_code_415,no,no,0,265.9,112,45.2,132.9,94,11.3,185.2,106,8.33,14.6,7,3.94,1,no,3447
TX,148,area_code_408,no,no,0,249.7,91,42.45,185.1,90,15.73,234.2,88,10.54,10.5,1,2.84,1,no,3448
MS,135,area_code_510,no,no,0,204.1,116,34.7,150.2,74,12.77,108.1,154,4.86,8.1,1,2.19,2,no,3449
WI,87,area_code_510,no,yes,24,135.8,108,23.09,251.4,62,21.37,181.5,91,8.17,6.4,4,1.73,0,no,3450
ME,78,area_code_415,no,no,0,211.4,105,35.94,249.9,77,21.24,199.6,129,8.98,9.3,2,2.51,2,no,3451
MT,78,area_code_510,no,no,0,185.8,102,31.59,251.6,88,21.39,202.8,86,9.13,13.3,6,3.59,2,no,3452
ID,101,area_code_415,no,no,0,202.5,91,34.43,142.5,134,12.11,219.6,102,9.88,10.1,4,2.73,3,no,3453
ND,90,area_code_510,no,no,0,169.4,127,28.8,157.2,111,13.36,172.4,103,7.76,10.7,2,2.89,1,no,3454
AZ,83,area_code_415,no,no,0,135.2,76,22.98,161.0,98,13.69,129.3,105,5.82,9.0,6,2.43,0,no,3455
CA,81,area_code_408,no,no,0,125.1,103,21.27,209.6,103,17.82,186.2,78,8.38,11.8,1,3.19,1,no,3456
NJ,119,area_code_408,no,no,0,287.1,83,48.81,218.4,124,18.56,151.5,42,6.82,11.0,4,2.97,1,yes,3457
NV,134,area_code_415,no,no,0,199.7,107,33.95,205.8,86,17.49,198.8,125,8.95,8.3,5,2.24,0,no,3458
NV,48,area_code_408,no,no,0,247.6,114,42.09,172.3,110,14.65,264.4,107,11.9,7.1,3,1.92,1,no,3459
AL,91,area_code_510,no,yes,39,160.8,97,27.34,119.3,54,10.14,147.9,101,6.66,10.3,3,2.78,3,no,3460
SC,90,area_code_408,no,yes,31,118.5,92,20.15,257.9,76,21.92,186.2,96,8.38,9.0,6,2.43,1,no,3461
WV,159,area_code_415,no,no,0,181.0,107,30.77,188.4,114,16.01,175.8,41,7.91,9.9,4,2.67,7,no,3462
OH,142,area_code_408,yes,no,0,160.6,101,27.3,202.0,125,17.17,221.7,100,9.98,8.8,2,2.38,1,yes,3463
TX,104,area_code_510,no,no,0,111.9,105,19.02,197.7,121,16.8,302.8,108,13.63,10.1,5,2.73,1,no,3464
ME,82,area_code_415,no,no,0,120.5,107,20.49,176.3,124,14.99,258.0,121,11.61,10.5,5,2.84,0,no,3465
MT,88,area_code_408,no,no,0,242.4,89,41.21,161.4,89,13.72,142.4,95,6.41,5.4,2,1.46,1,no,3466
NJ,118,area_code_408,no,no,0,178.4,81,30.33,182.7,119,15.53,251.4,109,11.31,10.8,2,2.92,1,no,3467
UT,139,area_code_510,no,no,0,258.7,94,43.98,190.3,132,16.18,247.2,73,11.12,11.4,2,3.08,1,yes,3468
DC,87,area_code_415,no,yes,18,124.3,104,21.13,196.1,80,16.67,290.0,110,13.05,7.2,3,1.94,1,no,3469
UT,167,area_code_415,no,no,0,94.9,114,16.13,315.8,105,26.84,181.0,71,8.15,10.8,6,2.92,0,no,3470
CO,138,area_code_408,no,no,0,182.0,101,30.94,200.3,119,17.03,208.9,131,9.4,13.4,3,3.62,4,no,3471
MA,130,area_code_408,no,no,0,162.0,62,27.54,278.1,108,23.64,197.5,82,8.89,9.1,4,2.46,1,no,3472
FL,87,area_code_415,no,no,0,176.6,83,30.02,221.6,101,18.84,185.3,89,8.34,9.4,1,2.54,0,no,3473
ID,164,area_code_408,yes,yes,28,156.1,98,26.54,209.9,140,17.84,190.0,69,8.55,11.4,4,3.08,0,no,3474
CO,109,area_code_510,no,no,0,150.6,106,25.6,147.4,108,12.53,173.2,109,7.79,9.5,5,2.57,1,no,3475
PA,59,area_code_510,no,no,0,189.1,141,32.15,198.2,113,16.85,280.2,103,12.61,2.2,7,0.59,1,no,3476
KY,124,area_code_408,no,no,0,156.9,74,26.67,195.8,82,16.64,181.0,99,8.15,8.8,2,2.38,1,no,3477
ID,73,area_code_408,no,no,0,67.0,76,11.39,223.0,154,18.96,236.5,151,10.64,11.2,2,3.02,1,no,3478
AK,94,area_code_415,no,no,0,261.3,89,44.42,152.4,139,12.95,120.2,124,5.41,10.5,2,2.84,0,no,3479
AL,80,area_code_415,no,no,0,135.1,92,22.97,185.0,103,15.73,147.1,74,6.62,14.7,5,3.97,3,no,3480
SC,101,area_code_415,yes,no,0,92.1,109,15.66,163.0,83,13.86,133.3,102,6.0,9.7,11,2.62,2,no,3481
MN,115,area_code_408,no,no,0,173.5,121,29.5,168.3,100,14.31,138.3,105,6.22,7.8,5,2.11,1,no,3482
KS,100,area_code_415,yes,no,0,156.3,82,26.57,259.4,91,22.05,143.7,93,6.47,8.3,7,2.24,5,no,3483
MA,85,area_code_415,no,no,0,274.7,79,46.7,119.4,122,10.15,296.9,74,13.36,9.4,10,2.54,1,no,3484
KY,110,area_code_408,no,no,0,244.7,84,41.6,106.4,95,9.04,194.9,61,8.77,10.5,1,2.84,2,yes,3485
WI,92,area_code_408,yes,no,0,183.6,96,31.21,149.7,55,12.72,135.2,71,6.08,11.8,4,3.19,0,no,3486
MI,102,area_code_408,no,no,0,167.1,80,28.41,222.9,94,18.95,179.9,103,8.1,11.6,3,3.13,5,no,3487
NV,134,area_code_408,no,no,0,177.1,120,30.11,218.1,123,18.54,183.8,93,8.27,12.7,5,3.43,3,no,3488
DC,96,area_code_415,no,no,0,217.8,120,37.03,139.6,109,11.87,227.7,111,10.25,11.6,3,3.13,0,no,3489
NE,42,area_code_510,no,no,0,143.7,96,24.43,221.0,98,18.79,108.9,94,4.9,8.6,1,2.32,2,no,3490
OR,175,area_code_415,no,no,0,185.0,104,31.45,325.8,86,27.69,85.4,105,3.84,14.6,2,3.94,1,no,3491
OR,136,area_code_415,no,yes,23,235.6,65,40.05,177.7,81,15.1,138.7,105,6.24,11.3,5,3.05,1,no,3492
AR,32,area_code_415,yes,no,0,265.5,75,45.14,119.7,77,10.17,169.9,128,7.65,14.8,6,4.0,2,yes,3493
UT,101,area_code_415,no,no,0,332.1,91,56.46,151.0,123,12.84,277.8,99,12.5,11.3,3,3.05,1,yes,3494
AZ,132,area_code_408,yes,yes,21,223.4,89,37.98,193.2,105,16.42,226.2,85,10.18,7.7,5,2.08,3,no,3495
ME,120,area_code_510,no,no,0,163.6,109,27.81,237.3,95,20.17,186.2,141,8.38,12.3,5,3.32,0,no,3496
MT,122,area_code_510,no,no,0,190.0,125,32.3,141.5,77,12.03,216.8,68,9.76,15.9,3,4.29,3,no,3497
OK,52,area_code_510,no,no,0,153.7,100,26.13,174.2,139,14.81,242.3,53,10.9,14.1,3,3.81,1,no,3498
VT,182,area_code_415,no,no,0,160.3,87,27.25,229.9,101,19.54,185.3,96,8.34,8.7,11,2.35,2,no,3499
ID,130,area_code_510,no,no,0,140.9,68,23.95,217.5,109,18.49,123.6,96,5.56,13.6,4,3.67,3,no,3500
SC,106,area_code_510,no,no,0,168.4,85,28.63,123.3,95,10.48,162.5,83,7.31,4.6,4,1.24,3,no,3501
MA,150,area_code_408,no,no,0,150.9,92,25.65,191.0,106,16.24,223.6,107,10.06,8.3,4,2.24,5,yes,3502
OK,94,area_code_415,no,no,0,255.1,96,43.37,276.9,67,23.54,226.5,74,10.19,10.6,2,2.86,0,yes,3503
CO,89,area_code_415,no,no,0,94.5,107,16.07,191.8,85,16.3,196.2,131,8.83,15.0,5,4.05,1,no,3504
WA,45,area_code_415,no,no,0,135.0,116,22.95,159.0,108,13.52,170.3,130,7.66,11.1,15,3.0,1,no,3505
KS,74,area_code_408,no,no,0,286.9,113,48.77,260.8,121,22.17,137.1,94,6.17,12.6,6,3.4,0,yes,3506
GA,158,area_code_415,no,no,0,165.4,70,28.12,280.1,104,23.81,121.8,106,5.48,10.4,9,2.81,1,no,3507
AL,76,area_code_415,no,no,0,222.0,99,37.74,215.9,122,18.35,204.1,131,9.18,8.2,5,2.21,3,yes,3508
KY,102,area_code_415,yes,no,0,209.8,85,35.67,165.7,100,14.08,230.1,92,10.35,8.7,6,2.35,0,no,3509
LA,4,area_code_408,no,yes,31,158.3,99,26.91,164.2,98,13.96,192.7,108,8.67,12.5,3,3.38,2,no,3510
MN,161,area_code_408,no,no,0,252.3,120,42.89,243.8,98,20.72,284.4,96,12.8,9.2,2,2.48,1,yes,3511
WV,116,area_code_415,no,no,0,255.5,93,43.44,224.4,122,19.07,317.3,85,14.28,12.7,4,3.43,1,yes,3512
WY,86,area_code_415,no,no,0,227.9,105,38.74,218.7,118,18.59,223.2,120,10.04,14.2,5,3.83,3,no,3513
NE,39,area_code_510,no,no,0,185.0,113,31.45,106.5,125,9.05,167.3,78,7.53,12.0,2,3.24,0,no,3514
MI,57,area_code_415,no,no,0,140.0,100,23.8,174.7,102,14.85,258.5,111,11.63,13.3,4,3.59,1,no,3515
NH,138,area_code_415,no,no,0,157.5,96,26.78,271.7,107,23.09,138.2,84,6.22,10.7,6,2.89,2,no,3516
AK,98,area_code_415,no,no,0,237.5,130,40.38,213.2,85,18.12,194.1,107,8.73,10.1,3,2.73,0,no,3517
AZ,145,area_code_415,no,yes,10,190.7,100,32.42,177.7,114,15.1,167.3,100,7.53,12.8,2,3.46,0,no,3518
NV,77,area_code_415,no,no,0,215.5,81,36.64,170.9,100,14.53,170.3,59,7.66,10.3,3,2.78,1,no,3519
WV,99,area_code_408,no,yes,12,119.9,83,20.38,237.7,98,20.2,187.6,159,8.44,16.6,2,4.48,1,no,3520
VT,106,area_code_510,yes,no,0,196.7,100,33.44,210.2,109,17.87,173.8,83,7.82,7.8,1,2.11,4,yes,3521
OK,32,area_code_510,no,no,0,230.7,122,39.22,204.7,134,17.4,142.0,86,6.39,8.7,3,2.35,2,no,3522
OR,174,area_code_415,no,no,0,222.3,102,37.79,173.8,123,14.77,297.2,97,13.37,5.7,2,1.54,0,yes,3523
NY,98,area_code_510,no,no,0,198.6,92,33.76,349.4,99,29.7,221.7,83,9.98,7.3,6,1.97,2,yes,3524
ME,42,area_code_510,no,no,0,139.4,109,23.7,223.8,121,19.02,244.9,105,11.02,4.6,3,1.24,1,no,3525
VA,99,area_code_408,no,no,0,130.4,121,22.17,219.9,103,18.69,84.1,85,3.78,9.8,3,2.65,2,no,3526
NY,119,area_code_408,no,no,0,153.2,131,26.04,116.6,85,9.91,218.5,74,9.83,10.1,5,2.73,1,no,3527
MD,47,area_code_415,yes,no,0,177.1,104,30.11,217.4,97,18.48,191.8,131,8.63,9.7,5,2.62,2,no,3528
GA,77,area_code_415,no,no,0,134.5,119,22.87,119.7,104,10.17,250.7,112,11.28,9.3,5,2.51,0,no,3529
WY,39,area_code_510,no,yes,38,201.8,66,34.31,200.1,87,17.01,173.7,112,7.82,9.5,3,2.57,0,no,3530
WV,193,area_code_415,no,no,0,180.5,114,30.69,117.9,80,10.02,192.9,97,8.68,10.2,4,2.75,2,no,3531
OH,103,area_code_415,no,yes,40,164.5,95,27.97,228.7,82,19.44,194.7,97,8.76,7.4,1,2.0,4,no,3532
AK,36,area_code_415,yes,yes,19,171.9,96,29.22,198.4,111,16.86,321.7,76,14.48,10.5,1,2.84,1,yes,3533
IL,87,area_code_415,no,no,0,221.4,69,37.64,195.2,53,16.59,120.6,91,5.43,13.7,4,3.7,1,no,3534
RI,1,area_code_510,no,no,0,241.5,114,41.06,195.2,94,16.59,201.6,93,9.07,14.1,3,3.81,3,no,3535
WY,62,area_code_415,no,no,0,116.5,77,19.81,186.1,111,15.82,180.6,72,8.13,16.1,2,4.35,3,no,3536
WA,112,area_code_415,no,no,0,158.1,107,26.88,181.5,101,15.43,200.3,126,9.01,8.3,7,2.24,1,no,3537
CO,82,area_code_408,no,no,0,121.6,81,20.67,191.3,109,16.26,231.4,81,10.41,8.6,5,2.32,3,no,3538
AL,55,area_code_415,no,yes,28,222.5,134,37.83,177.8,106,15.11,194.6,90,8.76,9.7,4,2.62,2,no,3539
IA,82,area_code_510,no,yes,23,123.7,93,21.03,139.1,74,11.82,174.5,118,7.85,10.6,2,2.86,1,no,3540
OH,69,area_code_415,no,no,0,244.8,76,41.62,77.2,100,6.56,222.8,102,10.03,10.0,3,2.7,0,no,3541
HI,87,area_code_510,no,no,0,297.4,63,50.56,118.4,108,10.06,242.3,72,10.9,11.0,2,2.97,2,yes,3542
WV,63,area_code_415,no,no,0,147.8,95,25.13,201.4,72,17.12,154.9,118,6.97,8.6,8,2.32,1,no,3543
ID,68,area_code_415,no,no,0,186.5,108,31.71,190.2,107,16.17,187.8,103,8.45,11.0,5,2.97,1,no,3544
TX,119,area_code_510,no,no,0,107.2,100,18.22,221.1,100,18.79,212.6,96,9.57,8.3,3,2.24,2,no,3545
ID,43,area_code_415,no,yes,36,93.1,68,15.83,246.1,83,20.92,94.9,109,4.27,8.7,8,2.35,1,no,3546
CA,136,area_code_510,no,no,0,132.4,110,22.51,254.1,81,21.6,176.5,100,7.94,13.0,6,3.51,2,no,3547
OR,149,area_code_415,no,no,0,114.5,103,19.47,228.8,100,19.45,135.8,74,6.11,10.7,3,2.89,0,no,3548
NY,77,area_code_415,no,no,0,184.7,130,31.4,194.0,105,16.49,249.1,91,11.21,9.0,4,2.43,1,no,3549
MI,110,area_code_415,no,no,0,94.1,127,16.0,283.0,97,24.06,168.7,69,7.59,10.3,6,2.78,2,no,3550
WA,70,area_code_415,no,no,0,229.3,110,38.98,118.2,89,10.05,155.0,105,6.98,7.9,4,2.13,1,no,3551
VT,155,area_code_510,no,no,0,223.8,109,38.05,233.4,68,19.84,201.6,111,9.07,8.8,8,2.38,1,no,3552
DC,151,area_code_415,no,yes,27,154.4,141,26.25,210.6,109,17.9,167.9,109,7.56,7.8,3,2.11,3,no,3553
TX,125,area_code_415,no,no,0,190.2,107,32.33,209.2,75,17.78,102.1,136,4.59,14.2,5,3.83,4,yes,3554
NJ,83,area_code_415,no,no,0,167.0,120,28.39,209.1,102,17.77,131.0,107,5.9,8.6,2,2.32,1,no,3555
ND,94,area_code_510,no,no,0,154.8,113,26.32,261.8,121,22.25,213.0,81,9.58,11.6,5,3.13,0,no,3556
CO,11,area_code_415,no,yes,36,293.4,122,49.88,174.1,91,14.8,212.0,50,9.54,6.9,6,1.86,1,no,3557
CO,92,area_code_415,no,no,0,160.5,113,27.29,287.3,134,24.42,212.6,93,9.57,8.2,3,2.21,3,no,3558
GA,70,area_code_415,no,yes,20,230.2,110,39.13,177.5,111,15.09,206.3,38,9.28,11.9,2,3.21,0,no,3559
UT,82,area_code_510,no,no,0,191.9,95,32.62,116.7,105,9.92,202.6,113,9.12,8.2,5,2.21,0,no,3560
CO,65,area_code_408,no,no,0,131.5,119,22.36,222.3,119,18.9,155.3,83,6.99,11.1,7,3.0,1,no,3561
AZ,102,area_code_510,no,no,0,171.6,116,29.17,219.4,111,18.65,242.1,85,10.89,12.1,4,3.27,0,yes,3562
CT,78,area_code_408,no,no,0,157.3,61,26.74,242.0,119,20.57,196.0,107,8.82,10.6,1,2.86,1,no,3563
NM,77,area_code_408,yes,no,0,192.7,82,32.76,198.0,91,16.83,204.2,95,9.19,9.0,6,2.43,1,no,3564
ME,58,area_code_415,no,yes,29,239.6,84,40.73,182.1,80,15.48,118.3,100,5.32,11.0,3,2.97,2,no,3565
CT,38,area_code_510,no,no,0,96.9,110,16.47,241.4,75,20.52,141.0,69,6.35,10.8,3,2.92,0,no,3566
MO,87,area_code_408,no,no,0,129.5,104,22.02,194.0,133,16.49,287.9,65,12.96,7.2,7,1.94,2,no,3567
WY,72,area_code_510,yes,no,0,274.0,75,46.58,162.8,110,13.84,110.0,121,4.95,7.7,3,2.08,4,no,3568
DC,69,area_code_415,no,no,0,111.7,86,18.99,187.5,68,15.94,194.8,128,8.77,11.6,10,3.13,2,no,3569
RI,85,area_code_408,no,no,0,142.7,82,24.26,179.1,106,15.22,141.4,88,6.36,5.0,8,1.35,3,no,3570
VA,176,area_code_415,no,no,0,216.7,91,36.84,233.9,104,19.88,231.1,110,10.4,9.0,4,2.43,1,no,3571
MA,133,area_code_415,no,no,0,207.1,106,35.21,283.5,124,24.1,65.2,107,2.93,10.5,2,2.84,3,no,3572
MT,146,area_code_415,no,no,0,214.8,86,36.52,230.9,94,19.63,223.8,100,10.07,5.8,3,1.57,3,no,3573
WA,31,area_code_415,no,no,0,142.9,67,24.29,109.7,72,9.32,293.6,112,13.21,11.5,6,3.11,0,no,3574
TN,78,area_code_415,yes,no,0,71.5,126,12.16,166.8,127,14.18,211.6,86,9.52,8.3,2,2.24,3,yes,3575
ND,118,area_code_415,no,no,0,77.6,113,13.19,126.9,75,10.79,191.0,79,8.59,14.9,4,4.02,1,no,3576
ME,119,area_code_510,no,no,0,73.7,66,12.53,160.5,132,13.64,214.2,67,9.64,13.0,6,3.51,3,no,3577
CO,141,area_code_408,no,no,0,264.3,90,44.93,216.4,101,18.39,208.8,72,9.4,9.6,3,2.59,0,yes,3578
DC,150,area_code_510,yes,no,0,114.8,156,19.52,135.3,78,11.5,218.4,98,9.83,15.6,4,4.21,1,yes,3579
UT,76,area_code_415,no,no,0,212.5,124,36.13,215.5,110,18.32,128.0,94,5.76,5.2,9,1.4,3,no,3580
ID,159,area_code_510,no,yes,36,288.2,120,48.99,227.1,105,19.3,198.2,113,8.92,13.3,7,3.59,1,no,3581
UT,66,area_code_415,no,no,0,192.4,98,32.71,187.0,93,15.9,132.9,82,5.98,11.2,1,3.02,0,no,3582
MD,139,area_code_415,no,no,0,102.2,76,17.37,230.0,106,19.55,183.4,136,8.25,10.8,4,2.92,1,no,3583
VT,122,area_code_415,yes,no,0,49.5,114,8.42,214.1,98,18.2,154.9,120,6.97,10.0,4,2.7,0,no,3584
FL,91,area_code_415,no,no,0,153.2,70,26.04,231.7,91,19.69,115.1,80,5.18,9.8,3,2.65,4,yes,3585
NH,131,area_code_415,no,no,0,55.5,79,9.44,163.5,104,13.9,128.1,59,5.76,10.1,4,2.73,1,no,3586
IL,135,area_code_415,no,no,0,247.2,61,42.02,168.7,122,14.34,169.8,100,7.64,6.6,1,1.78,0,no,3587
KS,129,area_code_415,no,no,0,220.2,117,37.43,261.1,102,22.19,165.9,132,7.47,10.8,1,2.92,2,no,3588
WV,85,area_code_415,no,no,0,116.9,75,19.87,183.3,109,15.58,307.4,119,13.83,10.0,8,2.7,2,no,3589
ID,125,area_code_408,no,no,0,175.9,98,29.9,192.8,148,16.39,278.2,110,12.52,10.6,5,2.86,0,no,3590
ME,67,area_code_415,no,no,0,208.0,95,35.36,234.8,81,19.96,266.0,80,11.97,11.7,6,3.16,3,no,3591
MA,61,area_code_415,no,yes,28,239.9,110,40.78,218.9,87,18.61,166.0,46,7.47,12.1,4,3.27,1,no,3592
OR,135,area_code_408,yes,no,0,174.8,112,29.72,218.0,125,18.53,180.1,102,8.1,12.7,6,3.43,3,no,3593
WV,43,area_code_510,no,yes,26,141.5,94,24.06,196.4,123,16.69,172.4,100,7.76,12.9,1,3.48,3,no,3594
MO,120,area_code_415,no,no,0,79.2,123,13.46,212.1,106,18.03,224.6,104,10.11,10.2,4,2.75,3,no,3595
WY,62,area_code_415,no,no,0,238.9,102,40.61,161.4,115,13.72,248.5,103,11.18,13.4,4,3.62,0,no,3596
WV,160,area_code_408,no,yes,37,179.8,104,30.57,144.8,115,12.31,209.1,89,9.41,11.1,8,3.0,3,no,3597
UT,67,area_code_510,no,no,0,225.9,78,38.4,243.1,83,20.66,84.1,94,3.78,13.5,2,3.65,2,yes,3598
KY,98,area_code_415,no,no,0,189.8,113,32.27,271.5,111,23.08,218.9,96,9.85,13.0,5,3.51,1,no,3599
OK,103,area_code_510,no,no,0,267.0,97,45.39,204.3,151,17.37,246.9,67,11.11,11.3,7,3.05,1,yes,3600
TN,121,area_code_415,no,no,0,217.3,79,36.94,218.0,106,18.53,166.5,69,7.49,11.5,7,3.11,1,no,3601
GA,111,area_code_415,no,no,0,129.1,92,21.95,148.9,132,12.66,264.0,103,11.88,16.8,7,4.54,2,no,3602
NE,127,area_code_408,no,no,0,135.5,110,23.04,146.0,116,12.41,208.0,88,9.36,10.7,4,2.89,2,no,3603
WA,65,area_code_510,no,no,0,183.4,63,31.18,183.6,80,15.61,153.5,83,6.91,10.7,4,2.89,4,yes,3604
MO,86,area_code_510,no,no,0,223.0,109,37.91,286.2,76,24.33,257.8,132,11.6,7.5,7,2.03,3,yes,3605
ME,119,area_code_510,no,no,0,140.0,135,23.8,138.9,103,11.81,230.2,121,10.36,6.1,6,1.65,0,no,3606
WI,113,area_code_415,no,no,0,126.0,90,21.42,205.8,92,17.49,217.0,121,9.76,12.8,1,3.46,0,no,3607
NC,126,area_code_415,no,no,0,228.2,68,38.79,170.2,102,14.47,168.9,72,7.6,10.2,6,2.75,1,no,3608
OK,103,area_code_415,no,no,0,278.4,121,47.33,252.2,139,21.44,202.3,96,9.1,13.7,1,3.7,1,yes,3609
MA,104,area_code_415,no,no,0,285.3,75,48.5,130.8,111,11.12,181.8,99,8.18,10.5,2,2.84,2,no,3610
MN,56,area_code_415,no,no,0,222.9,100,37.89,145.2,110,12.34,170.6,129,7.68,5.6,8,1.51,1,no,3611
ND,56,area_code_510,no,yes,37,153.7,97,26.13,271.4,91,23.07,179.0,121,8.06,8.3,2,2.24,1,no,3612
AZ,155,area_code_415,yes,no,0,176.1,88,29.94,244.5,84,20.78,189.9,99,8.55,11.2,1,3.02,2,yes,3613
SC,100,area_code_408,no,yes,41,306.9,71,52.17,243.3,72,20.68,125.9,114,5.67,10.5,4,2.84,2,no,3614
ME,113,area_code_408,no,no,0,203.4,85,34.58,219.8,140,18.68,240.0,107,10.8,8.3,5,2.24,1,no,3615
MO,103,area_code_415,no,yes,37,230.7,112,39.22,319.4,116,27.15,299.4,77,13.47,7.9,3,2.13,2,no,3616
NJ,160,area_code_415,no,no,0,118.9,106,20.21,163.5,75,13.9,195.0,131,8.78,13.1,4,3.54,0,no,3617
WY,142,area_code_408,no,yes,34,219.5,85,37.32,144.0,120,12.24,258.2,84,11.62,7.0,3,1.89,1,no,3618
OK,73,area_code_415,yes,yes,34,252.9,103,42.99,220.1,79,18.71,144.9,65,6.52,11.4,3,3.08,0,no,3619
PA,135,area_code_415,no,yes,46,172.6,77,29.34,203.4,102,17.29,264.2,108,11.89,10.4,2,2.81,1,no,3620
NM,29,area_code_415,no,no,0,262.0,112,44.54,82.7,60,7.03,195.1,120,8.78,10.7,5,2.89,1,no,3621
FL,158,area_code_415,no,no,0,123.3,115,20.96,130.4,91,11.08,243.7,119,10.97,11.2,3,3.02,3,no,3622
NV,104,area_code_415,no,no,0,210.9,90,35.85,272.2,101,23.14,304.3,86,13.69,10.6,5,2.86,3,yes,3623
SD,74,area_code_510,no,no,0,143.7,97,24.43,229.6,110,19.52,98.8,100,4.45,11.8,5,3.19,1,no,3624
OR,28,area_code_415,no,no,0,171.2,90,29.1,173.9,65,14.78,210.5,139,9.47,14.0,4,3.78,2,no,3625
TN,45,area_code_415,yes,no,0,189.6,96,32.23,171.7,69,14.59,222.0,102,9.99,13.9,7,3.75,1,yes,3626
VA,60,area_code_415,no,no,0,229.5,91,39.02,157.7,67,13.4,162.4,76,7.31,13.2,3,3.56,2,no,3627
ME,173,area_code_408,no,no,0,128.6,108,21.86,248.3,92,21.11,130.1,115,5.85,10.4,2,2.81,4,yes,3628
FL,152,area_code_408,no,yes,26,214.8,82,36.52,226.7,135,19.27,206.7,97,9.3,7.6,11,2.05,1,no,3629
RI,140,area_code_510,no,no,0,187.1,110,31.81,158.0,70,13.43,211.4,123,9.51,8.5,2,2.3,2,no,3630
DC,94,area_code_415,no,yes,31,209.3,90,35.58,281.7,111,23.94,190.1,66,8.55,7.9,5,2.13,0,no,3631
AR,88,area_code_415,no,no,0,141.7,102,24.09,226.2,125,19.23,100.1,93,4.5,11.9,8,3.21,0,no,3632
OR,170,area_code_408,no,yes,22,173.6,66,29.51,142.2,83,12.09,156.5,93,7.04,5.2,3,1.4,1,no,3633
SD,57,area_code_510,no,no,0,176.9,75,30.07,204.2,86,17.36,254.1,90,11.43,6.1,4,1.65,1,no,3634
NC,102,area_code_408,no,yes,27,109.8,66,18.67,207.3,76,17.62,236.9,101,10.66,10.3,7,2.78,0,no,3635
OH,49,area_code_408,no,no,0,202.3,105,34.39,195.4,131,16.61,190.1,88,8.55,9.0,2,2.43,3,yes,3636
IN,195,area_code_415,no,no,0,221.6,109,37.67,126.2,94,10.73,212.2,98,9.55,6.4,2,1.73,0,no,3637
MT,64,area_code_415,no,no,0,131.3,105,22.32,109.4,114,9.3,246.2,125,11.08,12.7,4,3.43,4,yes,3638
SC,105,area_code_408,yes,no,0,274.0,156,46.58,263.0,69,22.36,195.9,93,8.82,11.3,3,3.05,3,yes,3639
OR,81,area_code_415,no,yes,33,200.3,103,34.05,216.9,96,18.44,249.8,100,11.24,15.5,4,4.19,1,no,3640
GA,63,area_code_408,no,no,0,204.0,119,34.68,161.7,90,13.74,202.6,113,9.12,9.4,4,2.54,3,no,3641
MI,126,area_code_415,no,no,0,193.1,114,32.83,75.5,61,6.42,186.2,73,8.38,11.1,1,3.0,3,no,3642
OR,153,area_code_415,no,no,0,202.2,132,34.37,158.9,78,13.51,111.4,98,5.01,8.6,4,2.32,2,no,3643
OR,67,area_code_415,no,no,0,245.1,118,41.67,185.2,94,15.74,193.6,112,8.71,8.1,3,2.19,3,no,3644
MA,65,area_code_408,no,no,0,158.3,71,26.91,168.3,119,14.31,139.9,119,6.3,6.6,6,1.78,2,no,3645
IA,21,area_code_408,no,no,0,138.1,79,23.48,186.9,75,15.89,194.2,105,8.74,12.1,1,3.27,0,no,3646
VA,72,area_code_510,no,no,0,212.7,92,36.16,306.4,100,26.04,140.3,90,6.31,12.9,6,3.48,0,no,3647
WV,176,area_code_510,no,no,0,304.2,111,51.71,306.6,64,26.06,207.9,98,9.36,9.5,2,2.57,7,yes,3648
TX,150,area_code_408,no,yes,24,212.4,157,36.11,168.7,91,14.34,199.4,112,8.97,9.7,1,2.62,2,no,3649
IL,108,area_code_510,yes,no,0,137.3,68,23.34,143.8,94,12.22,238.7,101,10.74,8.9,1,2.4,1,yes,3650
RI,129,area_code_510,no,yes,10,161.4,91,27.44,183.1,102,15.56,240.3,65,10.81,12.9,3,3.48,1,no,3651
WA,73,area_code_510,yes,no,0,202.9,108,34.49,285.9,121,24.3,219.0,102,9.86,12.8,5,3.46,1,no,3652
DE,90,area_code_415,no,no,0,272.2,75,46.27,122.9,96,10.45,252.6,100,11.37,9.2,2,2.48,0,no,3653
NV,105,area_code_408,no,no,0,98.2,103,16.69,140.3,91,11.93,140.2,106,6.31,13.9,1,3.75,1,no,3654
MO,115,area_code_408,no,no,0,80.8,81,13.74,195.7,91,16.63,190.1,66,8.55,11.7,6,3.16,1,no,3655
OH,82,area_code_415,no,no,0,207.2,114,35.22,163.7,97,13.91,192.8,79,8.68,9.3,4,2.51,7,no,3656
ME,77,area_code_415,no,no,0,208.8,117,35.5,175.4,81,14.91,171.5,105,7.72,13.4,3,3.62,0,no,3657
NH,201,area_code_510,no,no,0,159.9,61,27.18,237.3,124,20.17,290.2,99,13.06,13.4,4,3.62,3,no,3658
NC,139,area_code_415,yes,no,0,185.1,101,31.47,266.7,75,22.67,207.9,95,9.36,9.0,3,2.43,3,no,3659
KY,94,area_code_408,no,no,0,139.1,93,23.65,237.9,100,20.22,227.1,59,10.22,11.4,3,3.08,1,no,3660
UT,95,area_code_415,no,no,0,155.5,99,26.44,167.0,75,14.2,190.7,125,8.58,13.2,4,3.56,1,no,3661
NV,138,area_code_408,no,no,0,180.5,82,30.69,242.4,103,20.6,244.4,89,11.0,10.3,7,2.78,2,no,3662
VT,105,area_code_415,no,no,0,204.6,111,34.78,134.4,109,11.42,260.8,69,11.74,5.7,7,1.54,1,no,3663
ME,81,area_code_415,yes,no,0,220.4,76,37.47,276.4,122,23.49,239.5,112,10.78,11.4,5,3.08,1,yes,3664
ME,127,area_code_510,no,no,0,223.2,137,37.94,144.7,119,12.3,96.0,109,4.32,8.6,4,2.32,2,no,3665
PA,84,area_code_415,no,no,0,109.1,114,18.55,231.4,113,19.67,274.0,112,12.33,9.6,4,2.59,0,no,3666
MI,47,area_code_510,no,yes,30,136.5,101,23.21,174.9,74,14.87,146.4,91,6.59,10.9,3,2.94,2,no,3667
MN,128,area_code_510,yes,no,0,192.8,96,32.78,136.6,86,11.61,151.8,75,6.83,13.5,4,3.65,1,yes,3668
KY,76,area_code_510,no,no,0,293.8,94,49.95,169.6,62,14.42,160.4,103,7.22,13.7,9,3.7,0,yes,3669
KY,167,area_code_408,no,no,0,130.5,66,22.19,80.9,102,6.88,221.6,116,9.97,11.2,5,3.02,1,no,3670
PA,104,area_code_415,no,no,0,186.8,102,31.76,176.3,114,14.99,222.2,84,10.0,13.0,3,3.51,0,no,3671
VA,136,area_code_415,no,no,0,110.2,92,18.73,219.4,109,18.65,188.1,67,8.46,12.3,4,3.32,2,no,3672
UT,83,area_code_510,no,yes,33,228.2,85,38.79,249.2,114,21.18,93.5,89,4.21,10.2,7,2.75,0,no,3673
DC,78,area_code_415,yes,no,0,176.6,107,30.02,179.4,98,15.25,178.2,80,8.02,16.6,5,4.48,2,yes,3674
MA,135,area_code_415,no,yes,45,241.4,102,41.04,206.4,78,17.54,196.6,104,8.85,9.4,6,2.54,0,no,3675
LA,79,area_code_408,no,no,0,174.8,88,29.72,197.0,94,16.75,87.0,103,3.92,8.6,6,2.32,3,no,3676
VA,133,area_code_415,no,no,0,171.8,64,29.21,177.1,83,15.05,223.0,96,10.04,10.3,4,2.78,1,no,3677
MI,76,area_code_415,no,yes,37,190.8,58,32.44,221.9,101,18.86,211.2,104,9.5,12.3,4,3.32,1,no,3678
MI,216,area_code_408,no,no,0,212.3,106,36.09,191.1,71,16.24,224.9,79,10.12,9.4,8,2.54,3,no,3679
CT,73,area_code_510,no,no,0,159.0,123,27.03,233.3,95,19.83,178.9,155,8.05,15.2,3,4.1,2,no,3680
NH,183,area_code_408,no,yes,38,178.4,103,30.33,184.4,79,15.67,203.3,94,9.15,7.2,3,1.94,3,no,3681
AL,106,area_code_415,no,no,0,222.1,123,37.76,276.8,92,23.53,213.5,99,9.61,9.0,3,2.43,0,no,3682
RI,90,area_code_510,no,no,0,190.0,98,32.3,196.1,111,16.67,216.4,58,9.74,8.0,6,2.16,2,no,3683
NY,112,area_code_415,no,yes,17,120.0,94,20.4,79.5,104,6.76,214.0,94,9.63,8.7,1,2.35,1,no,3684
OH,92,area_code_415,no,no,0,145.9,90,24.8,148.1,105,12.59,241.3,93,10.86,8.4,1,2.27,2,no,3685
WV,35,area_code_408,no,no,0,179.8,82,30.57,176.1,78,14.97,132.6,85,5.97,12.0,5,3.24,1,no,3686
OK,28,area_code_408,no,no,0,225.7,70,38.37,206.9,90,17.59,167.9,88,7.56,13.8,3,3.73,1,no,3687
WI,93,area_code_415,no,no,0,199.7,109,33.95,114.2,68,9.71,241.0,109,10.85,7.1,2,1.92,0,no,3688
OH,26,area_code_510,no,no,0,150.0,63,25.5,225.0,90,19.13,202.3,99,9.1,9.2,5,2.48,3,no,3689
OK,33,area_code_415,yes,no,0,247.1,114,42.01,146.5,110,12.45,208.9,94,9.4,10.6,2,2.86,4,yes,3690
PA,120,area_code_408,no,no,0,215.7,75,36.67,244.4,105,20.77,211.2,91,9.5,11.4,5,3.08,2,no,3691
KS,124,area_code_415,no,no,0,94.8,102,16.12,238.9,91,20.31,279.4,94,12.57,11.6,3,3.13,2,no,3692
SD,56,area_code_415,no,no,0,79.3,115,13.48,159.0,64,13.52,245.7,99,11.06,10.1,4,2.73,1,no,3693
UT,39,area_code_408,no,no,0,157.2,81,26.72,247.7,131,21.05,215.7,141,9.71,9.9,9,2.67,1,no,3694
IN,158,area_code_408,no,no,0,119.8,123,20.37,262.2,122,22.29,219.8,111,9.89,12.4,5,3.35,1,no,3695
IA,52,area_code_510,no,yes,24,229.1,86,38.95,168.7,124,14.34,245.4,75,11.04,14.6,2,3.94,1,no,3696
WA,112,area_code_408,no,no,0,135.1,112,22.97,226.3,85,19.24,115.2,108,5.18,11.1,6,3.0,1,no,3697
AL,12,area_code_408,no,no,0,239.7,112,40.75,221.1,122,18.79,207.3,109,9.33,11.1,3,3.0,2,no,3698
TX,109,area_code_510,yes,no,0,159.6,136,27.13,151.0,126,12.84,142.1,53,6.39,7.3,4,1.97,4,yes,3699
CT,142,area_code_510,no,yes,38,231.2,125,39.3,174.8,121,14.86,171.2,87,7.7,12.4,2,3.35,4,no,3700
OR,60,area_code_510,no,no,0,203.7,95,34.63,212.6,122,18.07,177.1,103,7.97,7.9,1,2.13,3,no,3701
IN,168,area_code_415,no,no,0,160.6,110,27.3,185.2,120,15.74,120.2,104,5.41,9.1,4,2.46,1,yes,3702
NY,138,area_code_415,yes,no,0,261.1,96,44.39,170.9,120,14.53,71.1,89,3.2,0.0,0,0.0,3,yes,3703
WY,88,area_code_415,no,no,0,138.7,92,23.58,205.8,73,17.49,247.9,119,11.16,9.8,5,2.65,1,no,3704
WI,119,area_code_415,no,no,0,226.6,126,38.52,143.6,107,12.21,94.9,123,4.27,12.1,5,3.27,1,no,3705
DE,31,area_code_408,no,no,0,229.1,120,38.95,172.4,79,14.65,243.6,102,10.96,11.0,4,2.97,3,no,3706
TN,102,area_code_408,no,no,0,157.4,83,26.76,47.3,102,4.02,160.4,92,7.22,11.4,5,3.08,0,no,3707
DC,149,area_code_415,no,yes,25,185.6,109,31.55,167.3,89,14.22,171.6,100,7.72,10.7,3,2.89,1,yes,3708
TX,138,area_code_415,no,no,0,217.2,73,36.92,190.8,127,16.22,133.5,97,6.01,5.2,3,1.4,4,no,3709
DC,118,area_code_415,no,no,0,183.1,128,31.13,241.0,93,20.49,211.1,108,9.5,12.5,4,3.38,0,no,3710
TN,222,area_code_408,no,yes,34,218.5,89,37.15,160.7,76,13.66,181.6,76,8.17,4.9,5,1.32,4,no,3711
MI,130,area_code_415,no,no,0,143.8,76,24.45,274.8,103,23.36,194.7,105,8.76,12.3,1,3.32,0,no,3712
DE,140,area_code_415,no,no,0,143.0,100,24.31,193.4,89,16.44,59.5,81,2.68,12.3,8,3.32,4,yes,3713
CO,101,area_code_415,no,yes,39,147.2,105,25.02,168.8,96,14.35,165.3,118,7.44,13.0,4,3.51,1,no,3714
NJ,134,area_code_415,no,yes,32,224.0,75,38.08,97.5,103,8.29,211.6,80,9.52,10.7,5,2.89,2,no,3715
OK,88,area_code_408,yes,no,0,132.9,132,22.59,208.2,82,17.7,260.5,42,11.72,14.4,11,3.89,2,yes,3716
VA,118,area_code_408,no,no,0,160.3,110,27.25,53.2,92,4.52,130.7,119,5.88,10.5,4,2.84,0,no,3717
TN,93,area_code_415,no,yes,21,213.8,103,36.35,257.7,72,21.9,218.4,114,9.83,7.2,6,1.94,1,no,3718
HI,232,area_code_415,no,no,0,248.2,128,42.19,211.2,96,17.95,147.1,117,6.62,10.0,6,2.7,2,no,3719
PA,137,area_code_415,no,yes,25,174.6,88,29.68,243.8,118,20.72,259.7,103,11.69,12.2,3,3.29,3,no,3720
WY,3,area_code_415,no,yes,23,205.5,102,34.94,209.5,83,17.81,182.3,99,8.2,6.4,4,1.73,0,no,3721
RI,137,area_code_415,no,no,0,209.1,104,35.55,189.4,96,16.1,214.4,83,9.65,14.8,4,4.0,3,no,3722
RI,42,area_code_415,no,no,0,251.1,81,42.69,178.3,106,15.16,184.6,90,8.31,12.7,5,3.43,0,no,3723
MD,58,area_code_408,no,no,0,187.6,113,31.89,217.4,115,18.48,139.7,92,6.29,9.8,5,2.65,3,no,3724
KY,55,area_code_415,no,yes,37,197.5,89,33.58,228.7,141,19.44,313.4,121,14.1,19.7,2,5.32,1,no,3725
OH,69,area_code_510,no,no,0,221.6,88,37.67,231.8,87,19.7,211.7,116,9.53,8.6,9,2.32,1,no,3726
VA,100,area_code_415,no,no,0,200.7,151,34.12,290.8,127,24.72,186.7,105,8.4,10.2,9,2.75,1,no,3727
PA,86,area_code_510,no,no,0,212.8,79,36.18,90.9,145,7.73,152.3,67,6.85,11.9,3,3.21,2,no,3728
NE,105,area_code_510,no,no,0,213.3,99,36.26,153.1,79,13.01,227.9,98,10.26,10.8,5,2.92,1,no,3729
GA,111,area_code_408,yes,no,0,177.1,102,30.11,249.1,102,21.17,153.3,66,6.9,8.8,4,2.38,2,no,3730
ME,75,area_code_408,no,no,0,229.2,59,38.96,142.8,107,12.14,291.6,109,13.12,8.5,5,2.3,0,no,3731
OH,95,area_code_510,no,yes,24,129.4,120,22.0,159.8,68,13.58,214.4,83,9.65,12.6,4,3.4,4,yes,3732
ID,137,area_code_510,no,no,0,203.1,97,34.53,132.0,76,11.22,250.9,94,11.29,9.2,4,2.48,4,no,3733
KS,116,area_code_408,yes,no,0,232.2,98,39.47,244.7,91,20.8,151.3,69,6.81,10.6,1,2.86,7,yes,3734
TN,125,area_code_415,no,no,0,138.5,96,23.55,159.7,117,13.57,212.7,91,9.57,7.7,3,2.08,2,no,3735
WA,65,area_code_415,no,no,0,189.3,74,32.18,205.3,90,17.45,228.2,78,10.27,8.5,13,2.3,3,no,3736
VT,100,area_code_510,no,no,0,254.2,97,43.21,262.0,88,22.27,256.3,82,11.53,13.6,6,3.67,0,yes,3737
IL,70,area_code_408,no,no,0,176.5,85,30.01,119.2,93,10.13,227.7,90,10.25,8.7,5,2.35,1,no,3738
ID,67,area_code_415,no,no,0,234.3,111,39.83,206.4,87,17.54,157.3,101,7.08,5.8,10,1.57,3,no,3739
DE,50,area_code_510,no,yes,39,147.3,75,25.04,244.8,74,20.81,216.9,101,9.76,13.2,3,3.56,2,no,3740
AK,42,area_code_415,no,no,0,171.0,129,29.07,183.9,96,15.63,130.2,90,5.86,4.6,6,1.24,0,no,3741
MO,103,area_code_415,no,yes,34,240.6,92,40.9,204.2,99,17.36,297.0,82,13.37,12.7,9,3.43,5,no,3742
NE,90,area_code_415,no,no,0,114.4,108,19.45,232.8,150,19.79,198.1,78,8.91,8.9,3,2.4,0,no,3743
FL,66,area_code_510,no,no,0,113.9,112,19.36,271.8,106,23.1,216.7,95,9.75,15.6,3,4.21,2,no,3744
MI,22,area_code_408,no,no,0,180.0,65,30.6,207.0,106,17.6,182.8,111,8.23,8.3,6,2.24,1,no,3745
PA,147,area_code_510,no,yes,35,110.8,123,18.84,199.2,81,16.93,212.9,77,9.58,8.9,4,2.4,2,no,3746
AR,57,area_code_415,no,yes,26,138.7,99,23.58,134.5,105,11.43,261.7,95,11.78,13.0,5,3.51,2,no,3747
KY,7,area_code_510,no,yes,33,211.8,99,36.01,170.9,110,14.53,244.2,125,10.99,11.2,4,3.02,2,no,3748
MN,85,area_code_415,no,no,0,234.5,113,39.87,237.3,116,20.17,122.7,110,5.52,12.9,3,3.48,4,no,3749
TX,92,area_code_510,no,no,0,240.2,86,40.83,107.6,79,9.15,156.6,121,7.05,7.5,4,2.03,1,no,3750
HI,92,area_code_510,no,no,0,222.4,105,37.81,164.0,129,13.94,233.3,113,10.5,9.9,8,2.67,1,no,3751
WI,133,area_code_415,no,no,0,113.3,137,19.26,160.2,103,13.62,228.8,98,10.3,10.1,7,2.73,2,no,3752
NV,134,area_code_408,no,no,0,107.0,146,18.19,220.0,116,18.7,149.8,108,6.74,7.2,3,1.94,2,no,3753
IL,66,area_code_415,no,yes,31,163.2,106,27.74,267.9,108,22.77,172.6,100,7.77,9.7,5,2.62,1,no,3754
MS,65,area_code_510,no,no,0,193.8,113,32.95,151.7,106,12.89,208.9,94,9.4,12.6,3,3.4,3,no,3755
MA,102,area_code_510,no,no,0,143.7,82,24.43,170.9,83,14.53,310.9,112,13.99,9.8,1,2.65,2,no,3756
OR,101,area_code_415,yes,no,0,169.5,117,28.82,212.0,111,18.02,204.0,120,9.18,9.7,1,2.62,0,yes,3757
AR,115,area_code_415,no,yes,37,184.1,67,31.3,159.4,104,13.55,193.3,121,8.7,13.3,3,3.59,0,no,3758
LA,111,area_code_408,no,yes,33,154.0,122,26.18,207.3,123,17.62,186.2,105,8.38,10.8,8,2.92,1,no,3759
NJ,121,area_code_415,no,no,0,166.3,114,28.27,138.8,130,11.8,215.3,108,9.69,10.4,10,2.81,2,no,3760
MT,108,area_code_415,no,no,0,108.6,128,18.46,325.2,97,27.64,173.6,67,7.81,9.3,6,2.51,0,no,3761
MD,63,area_code_415,no,yes,25,230.3,82,39.15,165.6,96,14.08,227.7,125,10.25,9.0,2,2.43,1,no,3762
CT,59,area_code_415,no,yes,46,200.1,44,34.02,126.0,78,10.71,146.3,123,6.58,10.6,5,2.86,1,no,3763
OH,82,area_code_415,no,no,0,179.2,95,30.46,228.9,95,19.46,187.7,100,8.45,13.2,2,3.56,1,no,3764
NV,110,area_code_510,no,no,0,129.5,94,22.02,92.6,96,7.87,154.3,110,6.94,9.9,5,2.67,3,no,3765
KS,85,area_code_408,no,no,0,164.0,111,27.88,229.4,108,19.5,220.7,105,9.93,9.3,2,2.51,1,no,3766
TX,46,area_code_415,no,no,0,230.7,117,39.22,186.2,84,15.83,182.2,109,8.2,9.2,4,2.48,2,no,3767
MN,44,area_code_408,no,no,0,207.2,90,35.22,178.6,76,15.18,182.0,74,8.19,0.0,0,0.0,0,no,3768
MT,171,area_code_408,no,no,0,171.9,99,29.22,249.2,95,21.18,174.9,81,7.87,12.5,4,3.38,1,no,3769
AK,88,area_code_415,no,yes,37,181.7,88,30.89,237.4,106,20.18,209.1,111,9.41,9.5,5,2.57,2,no,3770
HI,169,area_code_408,no,no,0,240.7,119,40.92,141.1,102,11.99,120.6,56,5.43,7.7,2,2.08,2,no,3771
TX,48,area_code_510,no,no,0,198.2,108,33.69,181.0,70,15.39,238.9,86,10.75,12.1,2,3.27,1,no,3772
ID,65,area_code_408,no,no,0,96.0,95,16.32,117.0,82,9.95,172.9,114,7.78,6.7,3,1.81,3,no,3773
KY,53,area_code_510,no,no,0,171.5,75,29.16,224.5,111,19.08,187.4,84,8.43,9.7,6,2.62,1,no,3774
AR,72,area_code_415,no,yes,27,111.7,68,18.99,252.8,106,21.49,255.5,109,11.5,7.8,4,2.11,1,no,3775
OR,100,area_code_510,no,no,0,152.7,98,25.96,212.4,73,18.05,264.5,90,11.9,7.9,3,2.13,2,no,3776
MN,82,area_code_415,no,no,0,194.7,105,33.1,210.9,100,17.93,236.9,143,10.66,11.6,3,3.13,3,no,3777
HI,71,area_code_415,no,no,0,119.9,108,20.38,240.7,82,20.46,151.1,124,6.8,8.1,7,2.19,3,no,3778
LA,103,area_code_415,no,no,0,222.9,129,37.89,205.0,87,17.43,141.3,99,6.36,9.9,2,2.67,1,no,3779
RI,87,area_code_415,no,no,0,210.7,46,35.82,215.6,116,18.33,170.4,79,7.67,13.2,3,3.56,1,no,3780
MD,116,area_code_408,no,no,0,254.6,107,43.28,249.4,89,21.2,229.6,77,10.33,9.0,18,2.43,2,yes,3781
MS,140,area_code_415,no,no,0,265.0,100,45.05,147.6,89,12.55,247.7,94,11.15,10.7,3,2.89,1,no,3782
TN,93,area_code_408,no,no,0,172.3,135,29.29,318.7,95,27.09,131.5,104,5.92,11.5,4,3.11,3,no,3783
ID,90,area_code_415,no,no,0,259.1,140,44.05,124.0,119,10.54,188.3,79,8.47,12.8,3,3.46,0,no,3784
GA,130,area_code_415,no,no,0,211.4,91,35.94,191.0,62,16.24,207.3,109,9.33,11.6,3,3.13,1,no,3785
KS,121,area_code_408,yes,no,0,175.9,87,29.9,225.3,114,19.15,156.2,113,7.03,10.4,3,2.81,2,no,3786
WV,94,area_code_415,yes,yes,39,115.5,90,19.64,122.5,99,10.41,197.7,110,8.9,7.0,3,1.89,0,no,3787
MS,76,area_code_408,no,no,0,193.0,82,32.81,200.8,109,17.07,135.9,79,6.12,14.4,3,3.89,0,no,3788
MS,69,area_code_510,no,no,0,167.4,105,28.46,121.5,142,10.33,209.3,83,9.42,16.0,2,4.32,1,no,3789
SC,117,area_code_415,no,yes,35,190.7,100,32.42,209.7,107,17.82,202.5,101,9.11,12.4,5,3.35,1,no,3790
KS,70,area_code_415,no,no,0,325.5,128,55.34,300.3,105,25.53,199.8,93,8.99,5.7,7,1.54,1,yes,3791
ID,130,area_code_415,no,no,0,139.0,98,23.63,120.2,116,10.22,160.4,113,7.22,14.5,2,3.92,3,no,3792
AK,109,area_code_415,no,yes,40,155.9,110,26.5,161.2,99,13.7,229.2,81,10.31,11.5,13,3.11,0,no,3793
MS,115,area_code_415,no,no,0,182.1,97,30.96,231.1,76,19.64,246.2,103,11.08,15.0,2,4.05,0,no,3794
NY,114,area_code_408,no,no,0,139.8,152,23.77,215.9,76,18.35,96.9,111,4.36,7.9,10,2.13,2,no,3795
OH,135,area_code_510,no,no,0,112.7,123,19.16,280.0,90,23.8,251.9,110,11.34,10.4,2,2.81,0,no,3796
DE,79,area_code_415,no,yes,31,173.2,98,29.44,149.5,123,12.71,245.7,91,11.06,11.5,7,3.11,1,no,3797
RI,123,area_code_408,no,no,0,225.6,102,38.35,225.8,56,19.19,186.7,128,8.4,6.7,2,1.81,1,no,3798
NE,112,area_code_415,yes,no,0,195.7,123,33.27,141.9,124,12.06,136.4,72,6.14,7.9,6,2.13,1,no,3799
HI,57,area_code_415,no,no,0,214.0,100,36.38,209.9,80,17.84,105.1,112,4.73,11.3,1,3.05,0,no,3800
NM,143,area_code_415,no,no,0,271.7,67,46.19,189.1,155,16.07,101.1,55,4.55,17.2,5,4.64,1,no,3801
UT,107,area_code_510,no,no,0,257.7,98,43.81,156.5,84,13.3,104.4,123,4.7,9.8,3,2.65,1,no,3802
MD,103,area_code_415,yes,no,0,133.2,90,22.64,236.8,70,20.13,214.1,120,9.63,12.5,2,3.38,1,yes,3803
IA,157,area_code_415,no,no,0,248.7,113,42.28,251.8,79,21.4,262.7,46,11.82,7.5,3,2.03,5,yes,3804
KY,120,area_code_408,no,no,0,180.8,93,30.74,190.1,82,16.16,192.3,66,8.65,10.5,7,2.84,2,no,3805
VT,81,area_code_415,yes,yes,32,229.0,80,38.93,221.0,113,18.79,291.4,91,13.11,12.4,5,3.35,1,no,3806
NM,136,area_code_408,no,no,0,276.3,94,46.97,226.0,125,19.21,221.4,87,9.96,7.2,1,1.94,1,yes,3807
VT,83,area_code_510,no,yes,37,133.1,117,22.63,171.4,89,14.57,218.1,92,9.81,10.9,4,2.94,3,no,3808
PA,137,area_code_415,no,no,0,248.3,63,42.21,250.4,108,21.28,159.1,94,7.16,9.6,4,2.59,1,no,3809
VT,93,area_code_415,no,yes,37,230.4,95,39.17,155.5,89,13.22,179.0,90,8.06,10.4,9,2.81,3,no,3810
OR,103,area_code_408,no,no,0,185.8,118,31.59,86.8,84,7.38,208.4,115,9.38,10.7,9,2.89,1,no,3811
CA,96,area_code_415,no,no,0,183.9,88,31.26,109.2,86,9.28,190.2,78,8.56,16.6,7,4.48,2,no,3812
NY,77,area_code_415,yes,no,0,132.9,86,22.59,168.1,121,14.29,196.3,102,8.83,7.8,3,2.11,0,no,3813
NM,116,area_code_510,no,no,0,179.0,81,30.43,200.0,116,17.0,168.6,74,7.59,15.8,7,4.27,1,no,3814
MN,96,area_code_408,yes,no,0,188.8,119,32.1,216.9,100,18.44,208.5,116,9.38,5.8,3,1.57,3,no,3815
CT,60,area_code_415,yes,yes,45,135.6,101,23.05,94.9,73,8.07,154.0,118,6.93,9.8,3,2.65,4,yes,3816
IA,105,area_code_408,yes,yes,31,172.5,103,29.33,113.6,102,9.66,261.6,104,11.77,10.8,4,2.92,2,no,3817
NJ,107,area_code_510,no,no,0,156.3,75,26.57,215.3,93,18.3,118.2,115,5.32,8.8,2,2.38,1,no,3818
CA,86,area_code_415,no,no,0,234.6,102,39.88,268.3,109,22.81,195.6,102,8.8,11.6,4,3.13,1,yes,3819
VT,115,area_code_415,no,no,0,202.1,95,34.36,231.6,89,19.69,214.6,165,9.66,13.1,7,3.54,1,no,3820
TN,128,area_code_510,no,yes,40,272.2,112,46.27,239.9,111,20.39,257.3,124,11.58,11.6,2,3.13,1,no,3821
SD,97,area_code_415,no,no,0,245.2,109,41.68,165.5,152,14.07,159.2,96,7.16,9.1,8,2.46,1,no,3822
CO,90,area_code_415,no,no,0,207.6,82,35.29,193.3,105,16.43,149.7,68,6.74,11.2,6,3.02,1,no,3823
KY,22,area_code_415,no,no,0,222.9,97,37.89,172.6,91,14.67,187.6,99,8.44,10.1,3,2.73,1,no,3824
IA,121,area_code_415,no,no,0,273.8,96,46.55,263.1,106,22.36,201.5,83,9.07,10.8,3,2.92,1,yes,3825
CT,169,area_code_510,no,no,0,192.8,98,32.78,273.2,125,23.22,266.3,102,11.98,11.4,6,3.08,2,no,3826
MA,83,area_code_510,no,no,0,268.7,81,45.68,145.5,100,12.37,185.6,86,8.35,9.4,6,2.54,0,no,3827
NV,87,area_code_408,no,yes,48,178.8,91,30.4,246.8,106,20.98,262.4,119,11.81,9.0,8,2.43,1,no,3828
VA,126,area_code_415,no,yes,24,197.3,82,33.54,167.6,51,14.25,222.0,89,9.99,7.4,3,2.0,1,no,3829
NY,61,area_code_415,no,yes,36,233.9,97,39.76,175.6,133,14.93,177.0,83,7.97,9.5,4,2.57,1,no,3830
MO,90,area_code_408,yes,no,0,207.1,87,35.21,208.5,87,17.72,146.0,95,6.57,4.4,5,1.19,2,no,3831
FL,131,area_code_408,no,no,0,136.8,84,23.26,179.4,81,15.25,235.2,151,10.58,5.0,3,1.35,2,no,3832
SC,89,area_code_415,no,no,0,159.4,126,27.1,207.0,108,17.6,141.6,121,6.37,11.1,4,3.0,1,no,3833
IL,71,area_code_415,no,no,0,112.1,122,19.06,157.9,86,13.42,271.6,104,12.22,11.1,5,3.0,0,no,3834
NE,166,area_code_415,no,no,0,238.6,117,40.56,242.8,73,20.64,203.3,130,9.15,10.0,8,2.7,4,no,3835
AK,146,area_code_510,yes,no,0,163.5,85,27.8,224.8,149,19.11,253.1,116,11.39,9.8,4,2.65,1,no,3836
TN,90,area_code_408,yes,no,0,127.2,94,21.62,221.1,108,18.79,110.7,106,4.98,11.2,3,3.02,2,no,3837
NM,59,area_code_408,no,no,0,145.8,95,24.79,228.3,81,19.41,247.5,87,11.14,9.6,5,2.59,0,no,3838
NV,25,area_code_415,no,no,0,250.1,108,42.52,221.9,97,18.86,208.5,84,9.38,11.1,3,3.0,2,no,3839
WV,105,area_code_510,no,no,0,101.5,83,17.26,193.8,83,16.47,214.3,113,9.64,11.7,4,3.16,3,no,3840
IL,143,area_code_415,no,yes,26,119.6,133,20.33,247.0,136,21.0,227.3,54,10.23,13.0,3,3.51,1,no,3841
HI,56,area_code_415,no,no,0,158.2,85,26.89,197.9,91,16.82,159.9,133,7.2,7.7,7,2.08,1,no,3842
DC,105,area_code_510,no,no,0,193.2,139,32.84,260.3,104,22.13,226.4,133,10.19,7.8,2,2.11,1,no,3843
ID,73,area_code_510,no,yes,33,217.7,108,37.01,245.7,106,20.88,242.9,100,10.93,8.8,6,2.38,1,no,3844
NC,54,area_code_408,no,no,0,199.8,94,33.97,308.0,112,26.18,162.6,99,7.32,10.1,4,2.73,0,no,3845
AL,98,area_code_510,no,no,0,171.9,77,29.22,235.3,90,20.0,140.3,125,6.31,14.6,4,3.94,2,no,3846
OR,100,area_code_415,no,yes,31,67.7,67,11.51,147.1,116,12.5,288.3,103,12.97,12.3,2,3.32,6,yes,3847
IL,107,area_code_408,no,no,0,228.2,90,38.79,214.2,123,18.21,183.1,79,8.24,10.5,4,2.84,4,no,3848
WV,167,area_code_510,no,no,0,191.5,93,32.56,163.8,76,13.92,189.1,103,8.51,14.1,9,3.81,1,no,3849
MN,49,area_code_415,no,no,0,171.5,86,29.16,188.8,85,16.05,155.1,82,6.98,8.5,2,2.3,2,no,3850
LA,34,area_code_408,no,no,0,151.1,92,25.69,211.7,86,17.99,205.8,72,9.26,9.8,4,2.65,0,no,3851
VT,109,area_code_415,no,no,0,134.3,99,22.83,203.9,103,17.33,297.7,91,13.4,7.6,2,2.05,3,no,3852
IL,109,area_code_510,no,no,0,117.8,64,20.03,216.2,84,18.38,148.4,59,6.68,10.9,5,2.94,1,no,3853
KS,39,area_code_408,no,no,0,181.2,71,30.8,344.9,108,29.32,213.6,145,9.61,12.1,2,3.27,3,no,3854
UT,90,area_code_415,no,no,0,152.3,91,25.89,165.0,120,14.03,294.3,73,13.24,9.0,3,2.43,2,no,3855
KY,114,area_code_408,no,no,0,204.4,91,34.75,239.6,136,20.37,235.0,64,10.58,11.5,3,3.11,2,no,3856
MT,113,area_code_415,no,no,0,283.9,98,48.26,137.1,91,11.65,159.0,110,7.15,11.3,5,3.05,2,no,3857
MA,19,area_code_415,no,yes,29,142.7,94,24.26,129.9,60,11.04,165.3,65,7.44,10.0,4,2.7,0,no,3858
NJ,94,area_code_415,no,no,0,145.4,92,24.72,172.8,103,14.69,183.9,43,8.28,9.3,3,2.51,2,no,3859
WY,69,area_code_415,no,no,0,211.7,94,35.99,236.1,124,20.07,252.7,90,11.37,7.2,2,1.94,4,no,3860
VT,90,area_code_415,no,no,0,192.6,129,32.74,191.6,100,16.29,203.1,105,9.14,11.4,2,3.08,3,no,3861
AL,48,area_code_408,no,no,0,52.0,60,8.84,132.0,79,11.22,185.8,85,8.36,12.3,2,3.32,2,no,3862
DE,122,area_code_415,no,yes,30,237.7,94,40.41,154.7,91,13.15,223.1,98,10.04,9.5,3,2.57,1,no,3863
WV,123,area_code_408,no,yes,31,203.6,108,34.61,156.9,112,13.34,236.2,114,10.63,12.0,5,3.24,1,no,3864
IA,81,area_code_510,no,no,0,192.4,79,32.71,212.7,106,18.08,244.8,83,11.02,8.3,5,2.24,1,no,3865
PA,43,area_code_408,no,no,0,212.5,88,36.13,274.1,145,23.3,194.6,52,8.76,8.6,6,2.32,0,no,3866
TN,25,area_code_415,no,no,0,114.4,114,19.45,201.1,97,17.09,238.4,121,10.73,11.6,4,3.13,3,no,3867
NH,170,area_code_415,no,no,0,222.8,82,37.88,148.2,105,12.6,231.1,75,10.4,13.3,5,3.59,1,no,3868
KY,129,area_code_415,no,no,0,207.7,75,35.31,191.3,116,16.26,226.7,98,10.2,11.6,6,3.13,2,no,3869
MN,132,area_code_510,no,yes,33,157.9,84,26.84,163.9,109,13.93,215.4,87,9.69,11.5,3,3.11,3,no,3870
NM,42,area_code_415,no,no,0,137.9,160,23.44,234.9,107,19.97,166.6,70,7.5,14.3,3,3.86,5,yes,3871
NH,8,area_code_415,no,no,0,176.0,97,29.92,234.2,136,19.91,193.5,134,8.71,8.5,5,2.3,1,no,3872
TX,145,area_code_510,no,no,0,158.8,120,27.0,352.1,145,29.93,177.6,140,7.99,6.2,6,1.67,2,no,3873
AL,131,area_code_415,no,no,0,234.0,117,39.78,209.4,143,17.8,258.8,105,11.65,9.8,3,2.65,1,no,3874
WA,105,area_code_415,no,no,0,132.3,105,22.49,144.5,89,12.28,195.5,127,8.8,5.4,3,1.46,0,no,3875
MN,90,area_code_408,no,yes,32,276.6,76,47.02,138.3,90,11.76,279.6,88,12.58,6.8,3,1.84,3,no,3876
NJ,124,area_code_415,no,no,0,108.2,92,18.39,214.3,83,18.22,185.5,155,8.35,13.2,11,3.56,4,yes,3877
NH,82,area_code_408,no,no,0,156.0,94,26.52,295.6,118,25.13,196.9,84,8.86,14.3,3,3.86,0,no,3878
VT,76,area_code_408,no,no,0,208.5,124,35.45,173.0,117,14.71,221.1,95,9.95,9.8,3,2.65,0,no,3879
NH,98,area_code_415,no,no,0,243.4,88,41.38,147.1,155,12.5,156.4,80,7.04,9.7,4,2.62,2,no,3880
MD,80,area_code_510,yes,no,0,275.4,89,46.82,186.7,66,15.87,201.3,87,9.06,9.4,2,2.54,0,yes,3881
LA,57,area_code_415,no,no,0,198.1,89,33.68,214.2,105,18.21,109.5,106,4.93,7.0,3,1.89,1,no,3882
SC,137,area_code_510,no,no,0,109.8,112,18.67,223.5,88,19.0,247.5,96,11.14,17.8,2,4.81,1,no,3883
AR,87,area_code_510,no,no,0,120.5,99,20.49,210.0,81,17.85,224.7,141,10.11,8.6,2,2.32,2,no,3884
WV,131,area_code_510,no,no,0,256.6,96,43.62,225.2,113,19.14,190.2,91,8.56,11.1,3,3.0,1,yes,3885
AR,116,area_code_408,no,no,0,85.8,88,14.59,115.8,112,9.84,195.9,91,8.82,11.0,2,2.97,1,no,3886
NH,136,area_code_510,no,yes,19,174.0,96,29.58,217.2,126,18.46,220.3,97,9.91,11.4,3,3.08,1,no,3887
TX,149,area_code_510,no,no,0,221.4,95,37.64,198.7,63,16.89,106.2,70,4.78,10.0,3,2.7,1,no,3888
TX,108,area_code_415,no,no,0,133.1,52,22.63,256.3,103,21.79,247.2,118,11.12,11.9,3,3.21,3,no,3889
PA,25,area_code_415,no,no,0,195.2,77,33.18,193.4,81,16.44,231.8,59,10.43,12.2,4,3.29,2,no,3890
ME,104,area_code_415,no,no,0,246.4,108,41.89,205.5,102,17.47,208.1,125,9.36,14.1,8,3.81,2,no,3891
WY,25,area_code_408,no,no,0,199.2,80,33.86,123.2,84,10.47,82.3,77,3.7,9.6,4,2.59,2,no,3892
KY,140,area_code_408,no,yes,24,235.4,92,40.02,160.9,71,13.68,211.9,99,9.54,8.9,2,2.4,3,no,3893
RI,106,area_code_415,no,no,0,155.9,90,26.5,198.0,101,16.83,189.1,95,8.51,8.0,2,2.16,2,no,3894
LA,81,area_code_415,no,yes,43,102.4,102,17.41,225.3,104,19.15,182.3,97,8.2,7.1,5,1.92,2,no,3895
KY,77,area_code_415,no,yes,32,192.2,101,32.67,165.4,84,14.06,230.2,129,10.36,8.0,6,2.16,1,no,3896
DE,87,area_code_415,no,yes,28,202.7,124,34.46,248.9,98,21.16,184.7,50,8.31,14.7,6,3.97,1,no,3897
SD,72,area_code_415,no,yes,38,84.3,116,14.33,267.2,127,22.71,167.7,75,7.55,8.3,6,2.24,4,yes,3898
MS,45,area_code_415,no,yes,18,168.0,127,28.56,155.5,76,13.22,152.7,127,6.87,11.8,5,3.19,0,no,3899
WI,41,area_code_408,yes,yes,31,278.1,86,47.28,268.1,103,22.79,241.5,77,10.87,11.3,4,3.05,0,no,3900
VT,122,area_code_408,no,no,0,128.3,89,21.81,237.7,62,20.2,166.6,128,7.5,11.2,5,3.02,1,no,3901
MA,92,area_code_408,no,yes,21,227.8,107,38.73,156.4,70,13.29,259.7,72,11.69,12.4,3,3.35,0,no,3902
OR,65,area_code_408,yes,no,0,54.8,74,9.32,239.8,93,20.38,214.4,91,9.65,13.4,5,3.62,1,yes,3903
MA,57,area_code_415,no,yes,24,140.2,102,23.83,170.1,107,14.46,143.7,102,6.47,14.0,1,3.78,1,no,3904
MT,127,area_code_408,no,no,0,271.2,110,46.1,213.5,80,18.15,201.8,102,9.08,13.2,4,3.56,0,yes,3905
AK,121,area_code_415,no,no,0,180.0,116,30.6,196.4,112,16.69,280.3,95,12.61,10.1,5,2.73,2,no,3906
MS,117,area_code_415,no,no,0,189.8,122,32.27,235.6,94,20.03,270.8,120,12.19,12.7,2,3.43,1,no,3907
OR,37,area_code_408,no,no,0,257.3,117,43.74,134.5,92,11.43,306.2,102,13.78,8.2,5,2.21,3,no,3908
VA,162,area_code_510,no,no,0,103.3,93,17.56,210.6,87,17.9,187.2,118,8.42,11.4,6,3.08,1,no,3909
AZ,193,area_code_415,no,no,0,208.1,115,35.38,178.0,104,15.13,195.9,95,8.82,12.4,9,3.35,3,no,3910
UT,80,area_code_415,no,no,0,195.1,65,33.17,214.0,80,18.19,124.4,96,5.6,9.2,6,2.48,2,no,3911
WV,176,area_code_415,no,no,0,162.6,97,27.64,227.8,107,19.36,218.8,92,9.85,11.3,4,3.05,1,no,3912
AZ,89,area_code_510,no,yes,24,197.8,84,33.63,223.2,117,18.97,201.7,132,9.08,5.7,4,1.54,1,no,3913
RI,128,area_code_510,no,no,0,212.4,118,36.11,148.6,108,12.63,214.8,98,9.67,9.8,5,2.65,1,no,3914
NM,138,area_code_408,no,no,0,63.7,114,10.83,212.2,132,18.04,247.6,114,11.14,8.8,4,2.38,0,no,3915
HI,90,area_code_408,no,no,0,193.8,90,32.95,206.6,98,17.56,153.3,120,6.9,10.1,9,2.73,3,no,3916
NY,57,area_code_510,no,yes,25,144.0,81,24.48,187.2,112,15.91,158.6,122,7.14,8.5,6,2.3,3,no,3917
NM,177,area_code_408,no,yes,29,189.0,91,32.13,303.1,96,25.76,163.6,116,7.36,15.7,1,4.24,3,no,3918
MI,98,area_code_415,no,yes,23,168.9,98,28.71,226.3,117,19.24,165.5,96,7.45,14.3,3,3.86,0,no,3919
IN,140,area_code_415,no,no,0,204.7,100,34.8,126.8,107,10.78,202.8,115,9.13,12.1,4,3.27,2,no,3920
KY,133,area_code_415,no,no,0,226.8,87,38.56,127.9,93,10.87,160.1,89,7.2,9.2,3,2.48,0,no,3921
NC,166,area_code_415,no,yes,26,152.1,114,25.86,89.3,67,7.59,194.6,111,8.76,7.5,6,2.03,0,no,3922
KY,86,area_code_408,no,no,0,139.1,95,23.65,146.2,82,12.43,186.8,120,8.41,11.8,5,3.19,2,no,3923
WY,117,area_code_408,no,no,0,150.5,121,25.59,345.1,132,29.33,183.9,97,8.28,8.3,2,2.24,0,no,3924
VA,86,area_code_415,no,no,0,231.9,73,39.42,165.9,123,14.1,225.7,86,10.16,11.5,3,3.11,3,no,3925
AL,74,area_code_415,no,no,0,207.1,79,35.21,182.0,100,15.47,233.7,73,10.52,7.4,8,2.0,1,no,3926
MN,178,area_code_510,no,no,0,225.4,104,38.32,110.7,90,9.41,134.1,109,6.03,15.3,5,4.13,2,yes,3927
FL,95,area_code_408,no,yes,45,116.4,115,19.79,283.7,123,24.11,285.2,103,12.83,12.8,4,3.46,1,no,3928
CA,85,area_code_415,no,no,0,195.7,104,33.27,182.9,121,15.55,324.7,110,14.61,8.6,9,2.32,0,no,3929
KY,81,area_code_510,no,no,0,79.4,99,13.5,144.7,90,12.3,204.7,114,9.21,9.1,5,2.46,0,no,3930
AR,41,area_code_415,no,no,0,102.9,114,17.49,107.9,119,9.17,277.6,99,12.49,11.0,4,2.97,6,yes,3931
VT,217,area_code_510,no,no,0,99.7,74,16.95,183.1,97,15.56,220.3,73,9.91,14.4,4,3.89,0,no,3932
MD,79,area_code_415,no,no,0,213.4,107,36.28,176.2,82,14.98,180.1,125,8.1,7.9,4,2.13,0,no,3933
CT,15,area_code_415,no,no,0,185.1,103,31.47,193.8,148,16.47,305.2,79,13.73,13.2,6,3.56,5,no,3934
MI,96,area_code_415,no,no,0,166.5,101,28.31,78.3,108,6.66,221.9,112,9.99,11.5,10,3.11,3,no,3935
PA,140,area_code_415,no,no,0,220.1,100,37.42,182.2,112,15.49,250.3,98,11.26,11.6,8,3.13,1,no,3936
CA,67,area_code_510,no,no,0,102.8,93,17.48,137.8,91,11.71,158.9,110,7.15,8.9,5,2.4,1,no,3937
KY,105,area_code_415,no,no,0,181.3,134,30.82,136.0,84,11.56,271.2,122,12.2,10.3,3,2.78,1,no,3938
MO,38,area_code_510,no,no,0,281.1,113,47.79,236.1,82,20.07,230.1,60,10.35,10.9,3,2.94,1,yes,3939
CT,110,area_code_415,no,no,0,251.3,91,42.72,207.2,95,17.61,249.0,70,11.21,12.9,2,3.48,1,yes,3940
IL,74,area_code_408,no,no,0,141.9,103,24.12,201.0,110,17.09,211.2,117,9.5,10.9,11,2.94,1,no,3941
RI,79,area_code_415,no,yes,30,148.0,96,25.16,149.6,128,12.72,220.3,99,9.91,9.7,5,2.62,3,no,3942
TN,114,area_code_415,yes,no,0,200.7,72,34.12,271.2,79,23.05,188.2,97,8.47,13.4,7,3.62,2,yes,3943
WV,44,area_code_510,no,no,0,238.3,83,40.51,193.7,112,16.46,167.7,79,7.55,9.4,6,2.54,5,no,3944
MS,107,area_code_415,no,no,0,220.1,103,37.42,200.4,94,17.03,272.6,147,12.27,7.4,5,2.0,2,no,3945
WI,104,area_code_510,no,yes,15,124.7,99,21.2,188.3,108,16.01,208.6,95,9.39,8.0,3,2.16,0,no,3946
SC,98,area_code_415,no,no,0,147.0,101,24.99,202.5,89,17.21,250.8,97,11.29,9.2,3,2.48,1,no,3947
RI,60,area_code_408,no,no,0,194.2,107,33.01,174.0,107,14.79,89.3,83,4.02,11.2,2,3.02,2,no,3948
AR,138,area_code_408,no,yes,33,214.9,91,36.53,288.7,97,24.54,262.7,64,11.82,8.1,2,2.19,0,no,3949
NM,89,area_code_408,no,no,0,269.8,94,45.87,227.0,125,19.3,212.2,135,9.55,4.7,6,1.27,1,yes,3950
NH,22,area_code_408,no,yes,29,151.2,147,25.7,203.2,135,17.27,296.1,98,13.32,11.1,2,3.0,2,no,3951
NM,69,area_code_415,no,no,0,111.3,110,18.92,226.8,107,19.28,187.6,66,8.44,10.2,12,2.75,1,no,3952
AZ,106,area_code_408,no,no,0,273.8,120,46.55,149.3,104,12.69,193.9,127,8.73,11.2,3,3.02,0,no,3953
TN,104,area_code_510,no,no,0,142.6,88,24.24,85.4,96,7.26,246.4,80,11.09,14.0,4,3.78,1,no,3954
OK,174,area_code_408,no,no,0,178.0,49,30.26,141.5,83,12.03,265.1,114,11.93,6.2,5,1.67,3,no,3955
SC,127,area_code_510,no,yes,33,180.5,94,30.69,241.9,107,20.56,225.4,113,10.14,7.4,2,2.0,1,no,3956
WY,2,area_code_415,no,yes,27,141.7,125,24.09,160.7,136,13.66,170.3,81,7.66,9.3,2,2.51,1,no,3957
IN,91,area_code_415,no,no,0,289.3,73,49.18,179.8,86,15.28,186.7,94,8.4,6.4,7,1.73,1,yes,3958
CT,34,area_code_510,no,yes,26,193.4,91,32.88,198.3,94,16.86,257.2,94,11.57,9.5,5,2.57,2,no,3959
NY,111,area_code_510,no,no,0,184.2,92,31.31,215.0,96,18.28,100.1,64,4.5,11.3,4,3.05,1,no,3960
TX,110,area_code_415,no,yes,30,144.1,87,24.5,229.8,88,19.53,174.7,90,7.86,12.4,4,3.35,2,no,3961
IL,65,area_code_415,no,no,0,180.3,84,30.65,199.9,129,16.99,280.1,62,12.6,12.1,1,3.27,3,no,3962
LA,51,area_code_510,no,yes,24,179.2,76,30.46,253.3,64,21.53,196.5,108,8.84,15.1,3,4.08,1,no,3963
WA,64,area_code_510,no,no,0,50.6,91,8.6,308.9,78,26.26,255.4,114,11.49,13.7,5,3.7,2,no,3964
MD,117,area_code_415,no,no,0,223.7,73,38.03,205.2,69,17.44,282.9,51,12.73,11.1,1,3.0,2,no,3965
KY,38,area_code_415,no,no,0,220.5,110,37.49,180.8,114,15.37,156.5,102,7.04,5.6,7,1.51,1,no,3966
DC,112,area_code_415,yes,no,0,217.6,110,36.99,195.7,105,16.63,178.8,106,8.05,10.4,8,2.81,2,no,3967
IL,48,area_code_415,no,yes,37,138.3,81,23.51,187.6,74,15.95,158.0,113,7.11,11.6,1,3.13,2,no,3968
WY,105,area_code_408,no,no,0,160.3,86,27.25,195.2,80,16.59,163.3,109,7.35,12.7,3,3.43,2,no,3969
SD,140,area_code_415,no,no,0,191.8,67,32.61,261.1,52,22.19,252.7,112,11.37,10.8,3,2.92,6,no,3970
SD,185,area_code_408,no,yes,18,103.9,112,17.66,230.0,111,19.55,155.7,119,7.01,8.5,5,2.3,0,no,3971
GA,99,area_code_510,no,no,0,214.9,103,36.53,218.4,121,18.56,272.6,110,12.27,9.6,3,2.59,2,no,3972
IN,52,area_code_415,no,no,0,165.9,122,28.2,212.2,107,18.04,202.1,94,9.09,8.3,3,2.24,1,no,3973
IA,200,area_code_415,yes,yes,29,92.2,95,15.67,200.0,101,17.0,119.1,99,5.36,5.7,1,1.54,1,yes,3974
OK,82,area_code_408,no,no,0,182.3,106,30.99,259.9,102,22.09,150.5,98,6.77,10.9,6,2.94,1,no,3975
WA,143,area_code_415,no,no,0,211.4,94,35.94,184.5,89,15.68,243.2,108,10.94,5.5,5,1.49,1,yes,3976
NH,97,area_code_415,no,no,0,87.1,110,14.81,202.1,110,17.18,137.9,89,6.21,14.4,4,3.89,2,no,3977
MO,83,area_code_415,no,no,0,196.7,117,33.44,272.0,89,23.12,199.9,62,9.0,10.1,11,2.73,3,no,3978
OR,92,area_code_415,no,no,0,114.6,94,19.48,209.0,78,17.77,209.7,97,9.44,8.3,5,2.24,2,no,3979
MN,130,area_code_415,no,no,0,204.5,88,34.77,178.4,85,15.16,229.6,78,10.33,12.6,8,3.4,0,no,3980
MA,97,area_code_510,yes,no,0,272.8,60,46.38,216.5,113,18.4,245.1,67,11.03,6.1,8,1.65,5,yes,3981
ME,53,area_code_510,no,yes,22,174.8,110,29.72,191.4,104,16.27,119.5,103,5.38,12.0,2,3.24,3,no,3982
MO,87,area_code_415,yes,no,0,128.9,71,21.91,281.9,91,23.96,209.1,100,9.41,9.9,4,2.67,0,no,3983
MN,138,area_code_510,no,no,0,54.8,123,9.32,147.5,76,12.54,173.6,119,7.81,11.5,1,3.11,1,no,3984
NE,136,area_code_415,no,no,0,259.0,105,44.03,166.9,125,14.19,255.1,107,11.48,11.1,3,3.0,3,no,3985
MA,98,area_code_415,no,no,0,182.6,76,31.04,145.2,75,12.34,162.6,127,7.32,12.0,1,3.24,6,yes,3986
LA,109,area_code_408,no,no,0,123.0,111,20.91,237.2,103,20.16,258.8,91,11.65,9.3,12,2.51,1,no,3987
IA,84,area_code_415,no,no,0,169.9,96,28.88,190.3,103,16.18,188.0,82,8.46,8.6,2,2.32,2,no,3988
ME,157,area_code_408,no,yes,27,201.4,85,34.24,101.3,60,8.61,258.5,113,11.63,11.9,5,3.21,2,no,3989
VT,74,area_code_415,no,yes,24,124.2,146,21.11,266.2,84,22.63,156.7,108,7.05,11.5,6,3.11,3,no,3990
MA,66,area_code_408,no,no,0,128.2,109,21.79,274.5,112,23.33,211.0,90,9.49,8.1,4,2.19,0,no,3991
SD,142,area_code_408,no,yes,20,214.3,126,36.43,250.1,102,21.26,189.7,116,8.54,10.6,4,2.86,4,no,3992
WA,136,area_code_415,no,yes,24,243.3,107,41.36,226.8,111,19.28,138.5,117,6.23,11.0,4,2.97,4,no,3993
IN,75,area_code_510,no,yes,17,200.7,107,34.12,212.5,109,18.06,204.0,136,9.18,12.9,3,3.48,4,no,3994
MN,59,area_code_415,no,no,0,231.4,93,39.34,168.0,92,14.28,257.2,124,11.57,11.4,5,3.08,2,no,3995
OR,45,area_code_415,no,yes,32,235.0,85,39.95,240.5,101,20.44,147.1,88,6.62,7.7,3,2.08,2,no,3996
WV,48,area_code_408,no,no,0,237.5,117,40.38,211.1,114,17.94,163.9,114,7.38,9.7,3,2.62,1,no,3997
MO,16,area_code_510,no,no,0,228.3,80,38.81,130.9,75,11.13,156.7,98,7.05,8.4,9,2.27,1,no,3998
UT,140,area_code_415,no,no,0,160.5,123,27.29,185.9,110,15.8,150.4,94,6.77,10.7,5,2.89,1,no,3999
ME,108,area_code_510,no,yes,48,185.6,125,31.55,224.6,125,19.09,284.7,87,12.81,6.9,3,1.86,1,no,4000
IL,53,area_code_415,no,no,0,214.3,138,36.43,232.2,99,19.74,0.0,0,0.0,8.3,5,2.24,1,no,4001
OR,91,area_code_408,no,no,0,240.8,105,40.94,192.8,93,16.39,253.4,69,11.4,7.6,3,2.05,4,no,4002
TX,26,area_code_415,yes,no,0,194.4,105,33.05,238.3,100,20.26,239.1,129,10.76,9.6,5,2.59,0,no,4003
KY,129,area_code_415,no,no,0,130.2,94,22.13,195.2,126,16.59,195.5,68,8.8,7.6,5,2.05,2,no,4004
UT,118,area_code_408,yes,yes,52,123.7,114,21.03,133.2,137,11.32,191.8,102,8.63,7.9,3,2.13,0,no,4005
IL,51,area_code_510,no,yes,32,206.1,134,35.04,179.6,84,15.27,332.2,90,14.95,10.2,2,2.75,3,no,4006
AZ,57,area_code_415,no,yes,25,182.4,92,31.01,214.7,104,18.25,174.4,110,7.85,10.1,2,2.73,1,no,4007
VA,103,area_code_415,no,no,0,228.4,103,38.83,97.3,129,8.27,199.9,67,9.0,9.4,7,2.54,3,no,4008
UT,57,area_code_415,no,no,0,202.0,100,34.34,168.9,90,14.36,231.8,119,10.43,3.4,4,0.92,1,no,4009
CO,84,area_code_415,no,no,0,148.8,89,25.3,189.8,93,16.13,147.6,73,6.64,6.3,2,1.7,1,no,4010
AL,166,area_code_415,yes,no,0,191.3,120,32.52,167.3,88,14.22,162.9,110,7.33,10.2,2,2.75,2,yes,4011
TX,130,area_code_415,no,no,0,159.9,70,27.18,236.8,127,20.13,227.9,95,10.26,9.0,1,2.43,1,no,4012
AZ,116,area_code_415,yes,no,0,191.7,97,32.59,176.2,127,14.98,103.9,96,4.68,4.9,4,1.32,2,no,4013
CT,161,area_code_510,no,no,0,151.2,89,25.7,228.4,117,19.41,169.3,107,7.62,9.3,2,2.51,2,no,4014
AR,130,area_code_415,no,no,0,182.1,136,30.96,204.2,99,17.36,355.1,135,15.98,12.0,7,3.24,2,no,4015
AR,42,area_code_510,no,no,0,155.1,110,26.37,160.8,109,13.67,237.4,115,10.68,11.3,2,3.05,3,no,4016
CO,97,area_code_415,no,yes,27,125.9,90,21.4,123.4,91,10.49,230.0,71,10.35,7.3,7,1.97,0,no,4017
AZ,127,area_code_415,no,yes,29,136.1,146,23.14,302.6,105,25.72,163.1,116,7.34,18.5,2,5.0,2,no,4018
UT,34,area_code_415,no,yes,33,284.3,115,48.33,204.8,125,17.41,143.0,83,6.44,3.5,4,0.95,0,no,4019
MI,116,area_code_415,no,no,0,199.7,76,33.95,98.5,104,8.37,220.1,108,9.9,13.7,6,3.7,1,no,4020
SD,158,area_code_415,no,no,0,98.2,87,16.69,198.3,71,16.86,246.0,99,11.07,13.0,5,3.51,2,no,4021
PA,86,area_code_415,no,yes,23,247.6,65,42.09,255.7,104,21.73,150.0,138,6.75,7.3,5,1.97,3,no,4022
MT,21,area_code_415,no,no,0,254.3,87,43.23,215.5,95,18.32,236.3,98,10.63,11.6,5,3.13,1,yes,4023
MN,78,area_code_415,no,no,0,241.3,113,41.02,146.6,97,12.46,129.0,131,5.81,11.8,6,3.19,3,no,4024
MD,137,area_code_510,no,no,0,111.8,106,19.01,281.9,89,23.96,233.0,93,10.49,11.5,4,3.11,4,yes,4025
IN,84,area_code_408,no,no,0,163.7,123,27.83,175.0,93,14.88,194.0,115,8.73,8.0,5,2.16,1,no,4026
KS,132,area_code_415,no,no,0,164.0,112,27.88,243.6,80,20.71,155.5,122,7.0,10.2,4,2.75,1,no,4027
HI,83,area_code_415,no,no,0,195.2,101,33.18,188.7,38,16.04,270.0,91,12.15,11.4,3,3.08,0,no,4028
MT,49,area_code_415,yes,no,0,157.6,101,26.79,256.4,69,21.79,260.8,107,11.74,9.8,4,2.65,1,no,4029
ID,43,area_code_415,no,no,0,253.6,110,43.11,253.3,92,21.53,161.3,103,7.26,10.2,3,2.75,3,yes,4030
VT,78,area_code_408,no,yes,38,199.0,96,33.83,75.5,93,6.42,180.2,78,8.11,7.5,7,2.03,1,no,4031
CA,65,area_code_408,no,no,0,182.5,58,31.03,201.9,93,17.16,189.1,97,8.51,8.6,5,2.32,1,no,4032
MD,79,area_code_415,no,no,0,81.2,91,13.8,215.7,126,18.33,245.9,85,11.07,10.9,4,2.94,1,no,4033
MD,76,area_code_415,no,no,0,179.1,110,30.45,157.2,81,13.36,240.0,109,10.8,6.5,3,1.76,0,no,4034
NE,124,area_code_415,no,no,0,182.7,98,31.06,197.2,93,16.76,220.6,105,9.93,8.1,4,2.19,1,no,4035
AL,98,area_code_408,no,no,0,207.0,94,35.19,256.3,64,21.79,137.6,60,6.19,10.4,4,2.81,2,no,4036
WV,142,area_code_415,no,no,0,243.4,76,41.38,161.4,102,13.72,120.5,105,5.42,10.0,5,2.7,4,no,4037
NM,146,area_code_415,no,no,0,157.4,89,26.76,196.0,117,16.66,147.7,150,6.65,10.8,4,2.92,0,no,4038
IN,84,area_code_510,no,no,0,233.9,76,39.76,153.2,96,13.02,228.0,82,10.26,12.8,5,3.46,3,no,4039
NE,200,area_code_408,no,no,0,195.4,71,33.22,249.4,96,21.2,233.1,132,10.49,12.9,2,3.48,3,no,4040
OK,17,area_code_408,no,no,0,180.4,121,30.67,228.5,111,19.42,199.5,99,8.98,14.8,5,4.0,0,no,4041
SC,125,area_code_408,no,no,0,143.6,119,24.41,238.5,119,20.27,173.6,89,7.81,10.9,4,2.94,2,no,4042
CO,61,area_code_510,no,no,0,88.1,60,14.98,129.7,108,11.02,169.0,87,7.61,13.3,4,3.59,2,no,4043
SC,103,area_code_415,no,yes,30,254.1,75,43.2,200.4,116,17.03,185.9,109,8.37,6.6,2,1.78,2,no,4044
NM,20,area_code_408,no,no,0,131.5,64,22.36,161.8,124,13.75,158.6,106,7.14,14.8,5,4.0,0,no,4045
NJ,115,area_code_510,no,no,0,156.8,104,26.66,264.7,84,22.5,249.0,112,11.21,7.4,8,2.0,0,no,4046
TN,139,area_code_510,no,no,0,196.9,58,33.47,137.1,91,11.65,216.6,101,9.75,9.8,3,2.65,1,no,4047
ID,96,area_code_415,no,no,0,178.0,140,30.26,294.6,125,25.04,242.2,91,10.9,12.0,6,3.24,2,no,4048
ID,101,area_code_510,no,no,0,195.8,105,33.29,184.5,109,15.68,172.0,128,7.74,11.8,2,3.19,2,no,4049
OH,86,area_code_408,no,yes,26,141.3,120,24.02,134.6,98,11.44,195.9,94,8.82,13.3,5,3.59,1,no,4050
AL,42,area_code_415,no,yes,21,125.5,67,21.34,166.7,90,14.17,227.1,97,10.22,11.0,1,2.97,2,no,4051
ME,48,area_code_510,no,no,0,200.5,117,34.09,225.3,123,19.15,134.0,89,6.03,6.7,5,1.81,4,no,4052
IL,134,area_code_408,no,no,0,205.5,87,34.94,208.9,67,17.76,182.3,69,8.2,5.2,3,1.4,2,no,4053
CA,149,area_code_415,no,no,0,152.1,116,25.86,164.3,83,13.97,142.8,98,6.43,7.6,3,2.05,0,no,4054
AL,120,area_code_415,no,no,0,216.5,113,36.81,251.8,91,21.4,164.5,125,7.4,7.3,1,1.97,3,no,4055
MI,62,area_code_408,no,no,0,119.3,94,20.28,224.0,81,19.04,156.7,78,7.05,12.1,6,3.27,5,yes,4056
MT,84,area_code_415,no,yes,25,113.9,90,19.36,257.0,99,21.85,214.5,98,9.65,12.9,8,3.48,4,yes,4057
NJ,16,area_code_510,no,no,0,228.6,130,38.86,208.4,103,17.71,195.3,118,8.79,11.9,7,3.21,0,no,4058
IN,80,area_code_415,no,no,0,106.5,116,18.11,104.8,67,8.91,183.2,124,8.24,8.2,5,2.21,1,no,4059
KY,78,area_code_415,no,no,0,254.1,112,43.2,215.9,80,18.35,267.1,124,12.02,16.3,3,4.4,0,yes,4060
NY,102,area_code_408,no,yes,48,134.0,83,22.78,234.3,128,19.92,197.3,107,8.88,7.8,4,2.11,6,yes,4061
DE,74,area_code_415,no,yes,38,176.0,84,29.92,288.2,103,24.5,178.2,86,8.02,14.8,5,4.0,2,no,4062
NJ,135,area_code_510,no,no,0,180.1,112,30.62,257.2,89,21.86,131.6,111,5.92,11.4,7,3.08,1,no,4063
ND,55,area_code_415,no,no,0,180.1,77,30.62,235.5,98,20.02,169.4,104,7.62,11.1,2,3.0,0,no,4064
SD,106,area_code_415,no,no,0,94.8,113,16.12,283.2,95,24.07,219.3,106,9.87,6.8,4,1.84,1,no,4065
VA,34,area_code_415,no,no,0,210.4,75,35.77,205.1,108,17.43,230.5,129,10.37,12.5,2,3.38,1,no,4066
VA,100,area_code_415,no,no,0,174.2,93,29.61,235.0,101,19.98,264.2,83,11.89,9.9,7,2.67,1,no,4067
ID,127,area_code_408,no,no,0,189.7,110,32.25,142.4,116,12.1,175.2,79,7.88,8.5,8,2.3,2,no,4068
ID,65,area_code_408,no,yes,19,259.0,96,44.03,332.3,106,28.25,130.1,95,5.85,7.5,7,2.03,1,no,4069
MO,109,area_code_415,no,yes,39,86.4,69,14.69,189.1,108,16.07,225.4,119,10.14,4.8,4,1.3,2,no,4070
NY,98,area_code_408,no,no,0,136.9,120,23.27,180.6,84,15.35,172.9,94,7.78,11.9,4,3.21,4,yes,4071
UT,141,area_code_510,no,no,0,196.5,104,33.41,175.1,111,14.88,209.6,110,9.43,14.1,4,3.81,6,no,4072
MN,136,area_code_415,no,no,0,221.4,120,37.64,249.5,78,21.21,192.0,68,8.64,13.6,2,3.67,0,no,4073
RI,42,area_code_408,no,no,0,191.9,139,32.62,304.2,91,25.86,179.5,91,8.08,11.7,4,3.16,0,no,4074
MS,162,area_code_415,yes,no,0,172.1,138,29.26,165.9,93,14.1,279.0,81,12.56,9.2,6,2.48,2,no,4075
NC,49,area_code_415,no,no,0,189.9,104,32.28,247.4,120,21.03,159.8,113,7.19,10.1,6,2.73,1,no,4076
VA,103,area_code_408,no,no,0,147.8,71,25.13,182.6,103,15.52,260.8,95,11.74,6.9,3,1.86,1,no,4077
VA,102,area_code_510,no,no,0,62.5,68,10.63,222.2,114,18.89,142.4,96,6.41,12.5,5,3.38,1,no,4078
TN,222,area_code_415,no,no,0,256.6,119,43.62,230.8,98,19.62,236.0,97,10.62,12.2,5,3.29,1,yes,4079
OR,100,area_code_415,no,yes,20,123.7,98,21.03,200.8,125,17.07,181.0,118,8.15,9.6,5,2.59,1,no,4080
NE,86,area_code_408,no,no,0,113.1,77,19.23,294.4,126,25.02,101.4,94,4.56,13.4,3,3.62,1,no,4081
DE,94,area_code_415,no,yes,38,220.0,102,37.4,180.3,119,15.33,136.2,90,6.13,10.3,2,2.78,1,no,4082
DC,106,area_code_415,no,no,0,147.7,105,25.11,215.0,129,18.28,267.2,95,12.02,11.0,3,2.97,1,no,4083
AL,91,area_code_415,no,no,0,271.9,106,46.22,231.9,116,19.71,247.0,110,11.12,9.3,3,2.51,1,yes,4084
ND,62,area_code_510,no,no,0,196.2,107,33.35,103.9,104,8.83,203.8,88,9.17,13.2,4,3.56,1,no,4085
MD,47,area_code_415,no,no,0,111.3,92,18.92,109.4,108,9.3,116.9,80,5.26,10.8,8,2.92,1,no,4086
LA,51,area_code_415,no,no,0,176.7,129,30.04,218.9,125,18.61,183.9,51,8.28,9.1,4,2.46,0,no,4087
OK,116,area_code_408,no,no,0,211.3,91,35.92,190.9,116,16.23,184.1,134,8.28,6.3,4,1.7,2,no,4088
ID,145,area_code_415,no,no,0,219.0,98,37.23,176.1,109,14.97,166.3,132,7.48,6.8,3,1.84,2,no,4089
PA,180,area_code_415,no,no,0,174.1,94,29.6,147.1,93,12.5,216.9,108,9.76,16.2,3,4.37,1,no,4090
NE,67,area_code_415,no,no,0,124.0,77,21.08,222.2,95,18.89,151.2,111,6.8,13.1,2,3.54,0,no,4091
TX,38,area_code_415,no,yes,38,175.6,127,29.85,260.5,118,22.14,199.5,109,8.98,12.3,2,3.32,2,no,4092
LA,164,area_code_408,no,yes,32,111.7,116,18.99,133.9,93,11.38,176.5,76,7.94,8.0,5,2.16,1,no,4093
WI,119,area_code_415,no,no,0,37.4,102,6.36,182.3,115,15.5,191.9,100,8.64,8.3,5,2.24,2,no,4094
AR,74,area_code_415,no,no,0,201.4,112,34.24,109.6,71,9.32,200.2,135,9.01,10.7,2,2.89,1,no,4095
GA,18,area_code_415,no,no,0,156.0,88,26.52,213.8,127,18.17,244.9,113,11.02,11.4,9,3.08,1,no,4096
NY,93,area_code_408,no,no,0,162.9,103,27.69,243.6,97,20.71,172.4,111,7.76,7.0,5,1.89,4,no,4097
MT,64,area_code_415,no,yes,18,211.4,111,35.94,150.8,67,12.82,216.5,87,9.74,10.5,2,2.84,2,no,4098
LA,108,area_code_415,no,no,0,157.3,83,26.74,162.8,75,13.84,112.0,101,5.04,9.7,4,2.62,1,no,4099
AK,112,area_code_510,no,no,0,172.7,112,29.36,244.5,83,20.78,242.3,68,10.9,4.1,1,1.11,0,no,4100
RI,77,area_code_408,no,no,0,196.6,87,33.42,117.7,103,10.0,124.9,100,5.62,11.4,3,3.08,2,no,4101
AR,68,area_code_408,no,yes,43,147.7,95,25.11,259.3,108,22.04,237.1,106,10.67,8.9,8,2.4,3,no,4102
IA,83,area_code_408,yes,no,0,197.6,105,33.59,177.5,96,15.09,126.8,100,5.71,9.2,1,2.48,3,yes,4103
CT,87,area_code_510,no,yes,18,186.7,74,31.74,220.0,77,18.7,224.6,137,10.11,12.0,4,3.24,1,no,4104
SC,43,area_code_408,no,yes,39,198.5,104,33.75,163.1,107,13.86,212.2,125,9.55,10.8,2,2.92,1,no,4105
WA,113,area_code_408,no,no,0,161.1,133,27.39,205.3,95,17.45,60.3,93,2.71,12.2,2,3.29,2,no,4106
AR,95,area_code_415,no,yes,27,190.8,76,32.44,177.5,104,15.09,227.3,95,10.23,5.9,1,1.59,2,no,4107
TX,30,area_code_415,no,no,0,195.2,100,33.18,179.8,95,15.28,298.3,115,13.42,11.5,4,3.11,1,no,4108
NJ,172,area_code_510,no,no,0,290.5,123,49.39,253.0,77,21.51,159.3,96,7.17,11.3,5,3.05,2,yes,4109
ME,82,area_code_415,no,yes,23,165.2,103,28.08,193.9,78,16.48,170.9,90,7.69,11.8,2,3.19,1,no,4110
WI,95,area_code_415,no,no,0,198.9,101,33.81,209.7,91,17.82,145.3,55,6.54,11.4,4,3.08,1,no,4111
DE,97,area_code_408,no,no,0,169.2,91,28.76,224.6,122,19.09,108.0,115,4.86,13.0,5,3.51,1,no,4112
DE,115,area_code_415,no,no,0,275.5,76,46.84,225.8,82,19.19,327.3,87,14.73,4.8,2,1.3,3,yes,4113
HI,94,area_code_408,no,no,0,226.6,119,38.52,199.8,111,16.98,219.4,141,9.87,11.7,2,3.16,3,no,4114
PA,88,area_code_415,no,no,0,158.2,130,26.89,234.6,91,19.94,291.0,117,13.1,12.9,3,3.48,2,no,4115
MA,95,area_code_415,no,no,0,186.4,85,31.69,173.4,100,14.74,294.7,73,13.26,9.1,5,2.46,1,no,4116
SD,52,area_code_408,no,no,0,165.8,94,28.19,192.8,135,16.39,247.8,64,11.15,12.4,7,3.35,3,no,4117
PA,91,area_code_510,no,no,0,143.2,127,24.34,103.0,89,8.76,233.5,94,10.51,12.7,3,3.43,2,no,4118
MD,163,area_code_510,no,no,0,238.6,107,40.56,178.0,85,15.13,196.0,124,8.82,6.2,4,1.67,1,no,4119
MS,145,area_code_408,yes,no,0,113.0,63,19.21,187.0,131,15.9,146.8,61,6.61,10.9,7,2.94,1,no,4120
MI,116,area_code_408,no,no,0,149.6,74,25.43,167.9,92,14.27,174.1,100,7.83,16.4,7,4.43,0,no,4121
ID,95,area_code_415,no,no,0,232.0,80,39.44,126.1,94,10.72,109.6,117,4.93,12.0,6,3.24,1,no,4122
NY,49,area_code_415,no,no,0,167.2,94,28.42,218.1,121,18.54,313.1,109,14.09,7.8,5,2.11,3,no,4123
AK,121,area_code_415,no,no,0,162.4,87,27.61,285.2,104,24.24,117.4,125,5.28,5.8,5,1.57,2,no,4124
TN,39,area_code_510,no,no,0,189.6,89,32.23,251.6,116,21.39,230.9,105,10.39,5.4,8,1.46,3,no,4125
CT,41,area_code_415,no,yes,24,247.6,97,42.09,199.7,106,16.97,217.7,91,9.8,12.1,6,3.27,1,no,4126
HI,60,area_code_510,no,no,0,179.4,108,30.5,263.2,74,22.37,133.3,78,6.0,13.4,7,3.62,2,no,4127
RI,158,area_code_510,no,no,0,245.1,68,41.67,195.8,100,16.64,244.2,80,10.99,11.5,4,3.11,2,no,4128
MS,121,area_code_408,no,yes,12,127.2,56,21.62,241.6,114,20.54,176.6,84,7.95,13.2,3,3.56,3,no,4129
MS,45,area_code_415,no,no,0,142.7,80,24.26,205.4,135,17.46,228.1,87,10.26,12.0,11,3.24,2,no,4130
WI,154,area_code_510,no,no,0,94.5,97,16.07,178.2,127,15.15,230.2,99,10.36,9.2,3,2.48,2,no,4131
DE,127,area_code_510,no,no,0,241.7,115,41.09,141.5,96,12.03,170.7,94,7.68,4.5,5,1.22,2,no,4132
CO,74,area_code_415,yes,no,0,267.5,134,45.48,242.5,110,20.61,223.0,108,10.04,8.3,4,2.24,3,yes,4133
AL,26,area_code_408,no,no,0,290.1,143,49.32,245.7,97,20.88,147.0,80,6.61,7.4,4,2.0,2,yes,4134
WY,101,area_code_415,no,yes,24,240.5,103,40.89,280.5,78,23.84,212.8,69,9.58,10.4,5,2.81,2,no,4135
SD,67,area_code_415,no,no,0,284.5,104,48.37,88.6,71,7.53,171.4,93,7.71,12.5,4,3.38,1,no,4136
WY,142,area_code_415,no,no,0,131.7,85,22.39,239.6,118,20.37,235.1,77,10.58,8.9,3,2.4,1,no,4137
SC,183,area_code_415,no,yes,31,211.9,126,36.02,224.3,125,19.07,226.2,125,10.18,13.8,2,3.73,1,no,4138
FL,202,area_code_415,no,no,0,168.9,88,28.71,235.8,98,20.04,273.2,108,12.29,14.6,3,3.94,3,no,4139
LA,24,area_code_415,yes,no,0,230.5,126,39.19,184.7,128,15.7,159.1,152,7.16,10.6,3,2.86,1,no,4140
FL,36,area_code_510,no,no,0,195.5,77,33.24,156.3,108,13.29,217.8,133,9.8,7.3,2,1.97,1,no,4141
WI,167,area_code_415,no,no,0,112.3,101,19.09,204.8,140,17.41,141.2,118,6.35,13.3,2,3.59,1,no,4142
IL,118,area_code_415,no,no,0,103.6,107,17.61,82.0,149,6.97,169.5,103,7.63,6.6,6,1.78,0,no,4143
NE,136,area_code_415,no,no,0,121.5,80,20.66,220.1,97,18.71,179.5,94,8.08,10.4,5,2.81,1,no,4144
SC,77,area_code_415,no,no,0,175.8,116,29.89,156.2,125,13.28,237.4,106,10.68,5.0,4,1.35,0,no,4145
MI,133,area_code_415,no,no,0,165.9,98,28.2,161.9,110,13.76,208.9,120,9.4,11.2,11,3.02,2,no,4146
OR,122,area_code_408,no,no,0,152.0,86,25.84,162.8,61,13.84,161.9,98,7.29,9.3,3,2.51,1,no,4147
CA,19,area_code_408,no,no,0,146.8,99,24.96,190.5,101,16.19,146.1,68,6.57,9.3,2,2.51,0,no,4148
MO,140,area_code_510,no,no,0,201.9,114,34.32,181.7,97,15.44,184.5,122,8.3,12.1,10,3.27,0,no,4149
WY,119,area_code_408,no,no,0,121.4,95,20.64,230.9,81,19.63,163.6,103,7.36,13.8,4,3.73,2,no,4150
AR,80,area_code_415,no,yes,34,243.4,96,41.38,102.3,115,8.7,217.8,95,9.8,12.2,3,3.29,1,no,4151
WI,116,area_code_408,no,no,0,152.4,101,25.91,191.0,90,16.24,143.0,96,6.44,11.1,9,3.0,0,no,4152
RI,87,area_code_415,no,no,0,139.7,112,23.75,226.8,62,19.28,168.5,65,7.58,15.1,7,4.08,1,no,4153
WV,7,area_code_510,no,no,0,170.2,83,28.93,137.2,123,11.66,188.0,67,8.46,11.1,7,3.0,2,no,4154
CT,25,area_code_510,no,no,0,144.1,111,24.5,224.8,89,19.11,132.9,110,5.98,13.6,3,3.67,4,yes,4155
MN,133,area_code_415,no,no,0,128.9,85,21.91,201.4,93,17.12,275.3,103,12.39,11.1,3,3.0,1,no,4156
IN,63,area_code_510,no,no,0,6.6,107,1.12,359.3,142,30.54,252.5,131,11.36,5.6,3,1.51,0,no,4157
MD,120,area_code_415,no,no,0,94.3,97,16.03,181.5,91,15.43,176.5,149,7.94,9.6,4,2.59,1,no,4158
UT,39,area_code_415,no,yes,17,230.7,122,39.22,207.1,85,17.6,208.9,73,9.4,9.2,1,2.48,3,no,4159
MS,132,area_code_415,yes,no,0,144.3,70,24.53,231.5,125,19.68,304.3,137,13.69,7.0,2,1.89,1,yes,4160
OH,108,area_code_415,no,yes,30,126.0,124,21.42,202.4,84,17.2,186.4,99,8.39,8.6,1,2.32,1,no,4161
NE,76,area_code_510,no,no,0,143.3,98,24.36,309.1,101,26.27,207.3,122,9.33,11.4,3,3.08,2,no,4162
NE,95,area_code_510,no,no,0,88.0,81,14.96,145.9,109,12.4,237.7,90,10.7,9.8,2,2.65,2,no,4163
MO,120,area_code_408,no,no,0,121.0,139,20.57,270.4,121,22.98,141.0,90,6.35,5.3,8,1.43,1,no,4164
UT,51,area_code_408,no,yes,0,212.9,80,36.19,236.1,57,20.07,187.6,99,8.44,8.8,4,2.38,2,no,4165
VT,61,area_code_415,no,no,0,217.5,116,36.98,258.5,108,21.97,210.4,99,9.47,8.7,3,2.35,1,no,4166
MN,17,area_code_415,no,no,0,138.1,115,23.48,196.5,55,16.7,213.9,100,9.63,11.7,4,3.16,1,no,4167
AZ,98,area_code_408,no,yes,40,212.1,90,36.06,233.9,110,19.88,234.0,84,10.53,7.1,4,1.92,0,no,4168
ND,181,area_code_510,no,yes,16,196.0,85,33.32,107.1,119,9.1,205.9,110,9.27,9.7,1,2.62,1,no,4169
RI,114,area_code_415,no,yes,23,186.2,95,31.65,258.3,129,21.96,183.9,93,8.28,7.8,6,2.11,0,no,4170
OH,111,area_code_408,yes,no,0,145.8,106,24.79,172.5,143,14.66,143.9,123,6.48,11.9,4,3.21,1,no,4171
IN,160,area_code_510,no,yes,33,137.0,100,23.29,203.5,82,17.3,218.7,64,9.84,5.8,4,1.57,2,no,4172
NV,58,area_code_408,no,no,0,191.3,120,32.52,216.4,124,18.39,100.3,132,4.51,8.6,9,2.32,3,no,4173
MN,89,area_code_510,no,no,0,86.0,105,14.62,215.5,102,18.32,185.7,83,8.36,8.2,3,2.21,3,no,4174
AR,71,area_code_408,no,yes,24,139.8,58,23.77,253.8,110,21.57,252.8,113,11.38,11.1,6,3.0,1,no,4175
WY,141,area_code_408,no,no,0,301.4,87,51.24,269.2,111,22.88,148.6,95,6.69,14.4,5,3.89,0,yes,4176
OR,1,area_code_415,no,no,0,195.0,81,33.15,266.2,123,22.63,213.9,132,9.63,11.1,6,3.0,0,no,4177
IA,50,area_code_510,no,no,0,202.0,106,34.34,174.7,70,14.85,152.9,92,6.88,6.0,6,1.62,4,no,4178
ND,38,area_code_415,yes,no,0,211.6,87,35.97,106.9,68,9.09,239.2,99,10.76,14.1,11,3.81,0,yes,4179
NJ,77,area_code_415,yes,no,0,323.7,106,55.03,139.2,99,11.83,204.4,89,9.2,8.5,3,2.3,6,yes,4180
HI,155,area_code_408,no,no,0,214.2,121,36.41,199.5,68,16.96,216.8,132,9.76,11.7,10,3.16,3,no,4181
TX,65,area_code_415,no,no,0,143.6,98,24.41,187.7,96,15.95,200.2,104,9.01,9.3,2,2.51,3,yes,4182
MN,102,area_code_415,no,yes,32,135.7,108,23.07,216.5,134,18.4,160.5,125,7.22,13.0,7,3.51,1,no,4183
AR,97,area_code_415,no,yes,35,203.1,104,34.53,211.8,91,18.0,246.1,105,11.07,9.7,6,2.62,0,no,4184
OK,110,area_code_510,no,no,0,281.2,78,47.8,302.3,89,25.7,188.4,92,8.48,8.5,4,2.3,0,yes,4185
IL,52,area_code_510,no,no,0,207.1,86,35.21,162.0,98,13.77,243.0,102,10.93,6.0,1,1.62,1,no,4186
VA,66,area_code_415,no,no,0,145.6,105,24.75,250.9,82,21.33,156.6,102,7.05,12.2,7,3.29,1,no,4187
WV,82,area_code_510,no,no,0,202.9,96,34.49,234.2,105,19.91,217.4,123,9.78,10.1,3,2.73,4,no,4188
TX,129,area_code_415,no,yes,23,210.7,119,35.82,137.4,51,11.68,248.2,92,11.17,7.9,6,2.13,2,no,4189
NC,93,area_code_510,no,no,0,217.2,92,36.92,204.5,83,17.38,157.9,101,7.11,11.4,10,3.08,1,no,4190
MN,120,area_code_415,no,no,0,198.0,101,33.66,190.2,74,16.17,241.2,105,10.85,8.3,10,2.24,4,no,4191
VA,149,area_code_408,no,yes,28,212.8,117,36.18,159.9,86,13.59,222.7,88,10.02,0.0,0,0.0,1,no,4192
WA,62,area_code_415,yes,no,0,180.9,121,30.75,134.3,107,11.42,179.3,74,8.07,8.6,2,2.32,2,yes,4193
AL,80,area_code_415,no,no,0,209.9,109,35.68,226.1,56,19.22,154.2,121,6.94,9.0,5,2.43,1,no,4194
MN,30,area_code_408,no,no,0,112.9,81,19.19,224.8,68,19.11,188.4,122,8.48,11.3,7,3.05,4,yes,4195
ME,89,area_code_415,no,no,0,242.5,71,41.23,213.3,109,18.13,231.0,84,10.4,6.3,3,1.7,3,no,4196
AL,57,area_code_415,no,no,0,190.1,114,32.32,274.5,96,23.33,132.5,122,5.96,9.2,5,2.48,3,no,4197
OH,145,area_code_408,no,no,0,185.9,106,31.6,209.7,112,17.82,224.7,87,10.11,9.3,4,2.51,2,no,4198
OR,132,area_code_510,no,no,0,265.8,122,45.19,285.1,90,24.23,183.6,124,8.26,13.6,9,3.67,2,yes,4199
ID,57,area_code_415,no,no,0,217.1,115,36.91,258.6,92,21.98,173.7,117,7.82,12.6,6,3.4,2,no,4200
CA,175,area_code_510,no,no,0,161.2,121,27.4,136.7,109,11.62,103.3,63,4.65,9.6,9,2.59,1,no,4201
OK,50,area_code_408,no,no,0,198.7,114,33.78,141.5,90,12.03,293.0,79,13.18,10.5,5,2.84,4,no,4202
NH,114,area_code_510,yes,yes,28,136.4,93,23.19,170.0,90,14.45,191.5,73,8.62,14.6,4,3.94,2,yes,4203
MO,154,area_code_415,no,no,0,162.0,87,27.54,199.5,147,16.96,243.0,66,10.93,1.1,5,0.3,1,no,4204
RI,152,area_code_415,no,no,0,189.5,108,32.22,218.4,69,18.56,291.1,81,13.1,11.0,2,2.97,3,no,4205
NM,102,area_code_510,no,yes,18,144.4,76,24.55,160.7,97,13.66,200.8,101,9.04,9.3,4,2.51,0,no,4206
ID,110,area_code_415,no,no,0,170.1,87,28.92,216.6,98,18.41,225.0,88,10.13,10.8,3,2.92,2,no,4207
ME,90,area_code_415,no,no,0,104.0,104,17.68,170.9,106,14.53,158.8,99,7.15,8.7,5,2.35,4,yes,4208
DC,88,area_code_408,no,no,0,204.8,100,34.82,193.9,98,16.48,190.9,62,8.59,2.0,11,0.54,1,no,4209
ND,97,area_code_415,no,no,0,197.8,122,33.63,208.2,147,17.7,106.3,115,4.78,15.1,4,4.08,1,no,4210
TX,115,area_code_415,no,no,0,211.1,112,35.89,227.8,113,19.36,179.6,110,8.08,7.2,2,1.94,0,no,4211
WA,88,area_code_510,no,no,0,202.6,139,34.44,210.7,123,17.91,81.1,86,3.65,9.8,8,2.65,1,no,4212
NM,137,area_code_408,yes,no,0,312.4,110,53.11,231.1,73,19.64,120.1,78,5.4,10.6,2,2.86,1,yes,4213
DC,128,area_code_510,no,yes,41,184.8,76,31.42,160.6,86,13.65,162.0,131,7.29,9.8,6,2.65,2,no,4214
OK,71,area_code_415,no,no,0,123.8,130,21.05,226.5,91,19.25,213.9,96,9.63,8.8,7,2.38,2,no,4215
WY,91,area_code_415,no,no,0,34.5,85,5.87,192.3,80,16.35,256.3,71,11.53,7.9,7,2.13,0,no,4216
MD,47,area_code_415,yes,yes,31,140.6,114,23.9,264.6,44,22.49,238.7,121,10.74,9.7,4,2.62,2,no,4217
MO,126,area_code_510,no,no,0,150.8,105,25.64,157.1,85,13.35,210.0,102,9.45,10.7,3,2.89,0,no,4218
NC,92,area_code_408,no,no,0,192.1,87,32.66,193.0,122,16.41,133.4,79,6.0,10.7,2,2.89,1,no,4219
WV,36,area_code_510,no,no,0,175.7,69,29.87,154.8,98,13.16,208.2,68,9.37,9.5,2,2.57,0,no,4220
GA,122,area_code_408,no,no,0,93.3,109,15.86,214.4,104,18.22,176.7,104,7.95,12.1,2,3.27,0,no,4221
OK,117,area_code_415,no,no,0,212.1,133,36.06,276.6,94,23.51,195.5,124,8.8,9.5,3,2.57,2,no,4222
FL,131,area_code_408,no,no,0,43.3,118,7.36,178.5,113,15.17,185.9,120,8.37,10.6,4,2.86,0,no,4223
MD,133,area_code_415,no,no,0,173.1,126,29.43,200.0,98,17.0,231.0,103,10.4,10.8,1,2.92,1,no,4224
HI,128,area_code_510,no,yes,28,115.4,96,19.62,185.4,94,15.76,209.3,69,9.42,17.7,4,4.78,0,no,4225
FL,81,area_code_408,no,no,0,190.9,92,32.45,208.7,132,17.74,120.8,98,5.44,11.4,6,3.08,1,no,4226
ND,81,area_code_415,no,no,0,234.1,105,39.8,237.4,88,20.18,240.6,85,10.83,11.4,4,3.08,1,no,4227
LA,96,area_code_408,no,no,0,102.1,74,17.36,93.7,88,7.96,236.2,125,10.63,14.0,2,3.78,1,no,4228
AR,93,area_code_415,no,no,0,131.9,91,22.42,203.8,92,17.32,205.6,121,9.25,6.8,3,1.84,1,no,4229
KY,145,area_code_408,no,no,0,135.0,122,22.95,206.3,88,17.54,210.4,90,9.47,19.7,4,5.32,0,no,4230
HI,53,area_code_510,yes,no,0,145.0,80,24.65,228.4,82,19.41,169.4,109,7.62,8.9,5,2.4,0,no,4231
KS,108,area_code_408,no,no,0,170.3,48,28.95,187.7,146,15.95,204.0,84,9.18,16.1,4,4.35,3,no,4232
TX,52,area_code_415,no,no,0,188.7,99,32.08,210.4,89,17.88,191.4,103,8.61,10.8,2,2.92,1,no,4233
NC,61,area_code_510,no,no,0,7.2,97,1.22,221.8,78,18.85,174.5,94,7.85,12.0,4,3.24,1,no,4234
TX,86,area_code_408,no,no,0,181.1,124,30.79,229.5,105,19.51,122.2,91,5.5,5.6,6,1.51,5,no,4235
LA,137,area_code_408,no,no,0,151.8,90,25.81,229.6,68,19.52,171.8,122,7.73,10.8,5,2.92,2,no,4236
TN,74,area_code_510,no,no,0,159.4,86,27.1,210.0,122,17.85,172.4,99,7.76,8.5,2,2.3,1,no,4237
NC,118,area_code_510,no,yes,31,226.6,99,38.52,164.9,136,14.02,189.3,120,8.52,10.2,5,2.75,3,no,4238
OH,125,area_code_415,no,no,0,214.7,115,36.5,260.6,94,22.15,266.3,123,11.98,7.4,6,2.0,3,no,4239
AR,127,area_code_415,no,yes,27,157.6,107,26.79,280.6,49,23.85,75.1,77,3.38,8.0,4,2.16,1,no,4240
WA,80,area_code_510,no,no,0,157.0,101,26.69,208.8,127,17.75,113.3,109,5.1,16.2,2,4.37,2,no,4241
MN,150,area_code_408,no,no,0,170.0,115,28.9,162.7,138,13.83,267.2,77,12.02,8.3,2,2.24,0,no,4242
ND,140,area_code_510,no,no,0,244.7,115,41.6,258.6,101,21.98,231.3,112,10.41,7.5,6,2.03,1,yes,4243
AZ,97,area_code_510,no,no,0,252.6,89,42.94,340.3,91,28.93,256.5,67,11.54,8.8,5,2.38,1,yes,4244
MT,83,area_code_415,no,no,0,188.3,70,32.01,243.8,88,20.72,213.7,79,9.62,10.3,6,2.78,0,no,4245
WV,73,area_code_408,no,no,0,177.9,89,30.24,131.2,82,11.15,186.2,89,8.38,11.5,6,3.11,3,no,4246
NC,75,area_code_408,no,no,0,170.7,101,29.02,193.1,126,16.41,129.1,104,5.81,6.9,7,1.86,1,no,4247
HI,50,area_code_408,no,yes,40,235.7,127,40.07,223.0,126,18.96,297.5,116,13.39,9.9,5,2.67,2,no,4248
VT,86,area_code_415,no,yes,34,129.4,102,22.0,267.1,104,22.7,154.8,100,6.97,9.3,16,2.51,0,no,4249
